"","Gene1","Gene2","Jaccard"
"1","nhr-1","gbb-2",0.373015873015873
"2","nhr-1","str-166",0.0317460317460317
"3","nhr-1","str-162",0.0317460317460317
"4","nhr-1","npr-12",0.377952755905512
"5","nhr-1","npr-2",0.330708661417323
"6","nhr-1","sre-4",0.214285714285714
"7","nhr-1","npr-3",0.34375
"8","nhr-1","daf-38",0.476190476190476
"9","nhr-1","npr-26",0.333333333333333
"10","nhr-1","ser-4",0.547619047619048
"11","nhr-1","ckr-2",0.396825396825397
"12","nhr-1","gar-2",0.492063492063492
"13","nhr-1","pdfr-1",0.8125
"14","nhr-1","tkr-1",0.26984126984127
"15","nhr-1","npr-11",0.277777777777778
"16","nhr-1","gbb-1",0.488188976377953
"17","nhr-1","npr-16",0.396825396825397
"18","nhr-1","dop-6",0.761904761904762
"19","nhr-1","dop-1",0.535433070866142
"20","nhr-1","tyra-3",0.65625
"21","nhr-1","octr-1",0.436507936507937
"22","nhr-1","gar-1",0.444444444444444
"23","nhr-1","tyra-2",0.377952755905512
"24","nhr-1","ZK721.4",0.253968253968254
"25","nhr-1","aexr-3",0.238095238095238
"26","nhr-1","B0563.6",0.296875
"27","nhr-1","npr-7",0.317460317460317
"28","nhr-1","aex-2",0.261904761904762
"29","nhr-1","npr-18",0.206349206349206
"30","nhr-1","npr-4",0.535433070866142
"31","nhr-1","npr-10",0.317460317460317
"32","nhr-1","srg-37",0.0873015873015873
"33","nhr-1","seb-3",0.409448818897638
"34","nhr-1","sprr-1",0.377952755905512
"35","nhr-1","F59D12.1",0.811023622047244
"36","nhr-1","ser-1",0.293650793650794
"37","nhr-1","npr-24",0.373015873015873
"38","nhr-1","frpr-7",0.385826771653543
"39","nhr-1","npr-23",0.890625
"40","nhr-1","dmsr-2",0.362204724409449
"41","nhr-1","F57C9.6",0.31496062992126
"42","nhr-1","ser-3",0.409448818897638
"43","nhr-1","srd-53",0.0476190476190476
"44","nhr-1","F39B2.8",0.984375
"45","nhr-1","srab-8",0.0634920634920635
"46","nhr-1","gnrr-5",0.333333333333333
"47","nhr-1","ZC266.1",0.246031746031746
"48","nhr-1","srw-68",0.142857142857143
"49","nhr-1","frpr-3",0.182539682539683
"50","nhr-1","str-87",0.0317460317460317
"51","nhr-1","C24B5.1",0.634920634920635
"52","nhr-1","srx-47",0.196850393700787
"53","nhr-1","egl-47",0.2265625
"54","nhr-1","sri-18",0.428571428571429
"55","nhr-1","H09F14.1",0.365079365079365
"56","nhr-1","dop-5",0.555555555555556
"57","nhr-1","dmsr-1",0.637795275590551
"58","nhr-1","frpr-5",0.21259842519685
"59","nhr-1","sre-7",0.0396825396825397
"60","nhr-1","sri-2",0.0317460317460317
"61","nhr-1","str-254",0.0396825396825397
"62","nhr-1","sri-69",0.0396825396825397
"63","nhr-1","srab-12",0.198412698412698
"64","nhr-1","dmsr-4",0.380952380952381
"65","nhr-1","sri-48",0.0634920634920635
"66","nhr-1","C01F1.4",0.166666666666667
"67","nhr-1","daf-37",0.362204724409449
"68","nhr-1","npr-31",0.103174603174603
"69","nhr-1","sro-1",0.158730158730159
"70","nhr-1","lat-1",0.619047619047619
"71","nhr-1","B0334.6",0.102362204724409
"72","nhr-1","ser-6",0.15748031496063
"73","nhr-1","mgl-3",0.277777777777778
"74","nhr-1","tag-89",0.283464566929134
"75","nhr-1","seb-2",0.373015873015873
"76","nhr-1","Y75B8A.16",0.590551181102362
"77","nhr-1","npr-19",0.285714285714286
"78","nhr-1","C24A8.6",0.740157480314961
"79","nhr-1","frpr-8",0.19047619047619
"80","nhr-1","mgl-1",0.283464566929134
"81","nhr-1","C11H1.2",0.603174603174603
"82","nhr-1","ser-2",0.3984375
"83","nhr-1","mgl-2",0.357142857142857
"84","nhr-1","ntr-1",0.111111111111111
"85","nhr-1","npr-5",0.444444444444444
"86","nhr-1","str-20",0.0476190476190476
"87","nhr-1","frpr-18",0.259842519685039
"88","nhr-1","str-138",0.0476190476190476
"89","nhr-1","frpr-13",0.444444444444444
"90","nhr-1","str-94",0.0634920634920635
"91","nhr-1","dop-2",0.349206349206349
"92","nhr-1","srsx-30",0.103174603174603
"93","nhr-1","dmsr-8",0.283464566929134
"94","nhr-1","sre-6",0.126984126984127
"95","nhr-1","npr-25",0.357142857142857
"96","nhr-1","frpr-15",0.354330708661417
"97","nhr-1","T01G5.6",0.0317460317460317
"98","nhr-1","srh-277",0.0238095238095238
"99","nhr-1","dcar-1",0.333333333333333
"100","nhr-1","srh-171",0.0396825396825397
"101","nhr-1","srw-60",0.0317460317460317
"102","nhr-1","B0034.5",0.19047619047619
"103","nhr-1","frpr-16",0.362204724409449
"104","nhr-1","dmsr-3",0.23015873015873
"105","nhr-1","dmsr-6",0.365079365079365
"106","nhr-1","srt-23",0.119047619047619
"107","nhr-1","srx-12",0.0158730158730159
"108","nhr-1","srx-13",0.0317460317460317
"109","nhr-1","Y41D4B.1",0.396825396825397
"110","nhr-1","sre-5",0.103174603174603
"111","nhr-1","srv-4",0.0158730158730159
"112","nhr-1","str-153",0.0555555555555556
"113","nhr-1","srv-28",0.00793650793650794
"114","nhr-1","srv-29",0.00793650793650794
"115","nhr-1","srv-30",0.0158730158730159
"116","nhr-1","srv-31",0.0158730158730159
"117","nhr-1","srv-32",0.0238095238095238
"118","nhr-1","srv-27",0.0238095238095238
"119","nhr-1","srv-25",0.0555555555555556
"120","nhr-1","npr-27",0.299212598425197
"121","nhr-1","srxa-2",0.0238095238095238
"122","nhr-1","sru-3",0.0317460317460317
"123","nhr-1","sru-4",0.0476190476190476
"124","nhr-1","sre-18",0.0555555555555556
"125","nhr-1","sre-19",0.0793650793650794
"126","nhr-1","sre-14",0.150793650793651
"127","nhr-1","srsx-25",0.0714285714285714
"128","nhr-1","srv-15",0.0714285714285714
"129","nhr-1","npr-32",0.357142857142857
"130","nhr-1","sru-15",0.0476190476190476
"131","nhr-1","srg-1",0.0317460317460317
"132","nhr-1","srg-2",0.0317460317460317
"133","nhr-1","srg-7",0.0634920634920635
"134","nhr-1","srxa-5",0.0714285714285714
"135","nhr-1","npr-29",0.357142857142857
"136","nhr-1","str-79",0.0238095238095238
"137","nhr-1","AH9.1",0.19047619047619
"138","nhr-1","ZK813.5",0.182539682539683
"139","nhr-1","C15H9.3",0.0476190476190476
"140","nhr-1","dop-3",0.388888888888889
"141","nhr-1","npr-8",0.37007874015748
"142","nhr-1","npr-28",0.238095238095238
"143","nhr-1","nmur-1",0.267716535433071
"144","nhr-1","gnrr-3",0.158730158730159
"145","nhr-1","npr-6",0.267716535433071
"146","nhr-1","frpr-2",0.206349206349206
"147","nhr-1","sra-37",0.142857142857143
"148","nhr-1","sra-39",0.0476190476190476
"149","nhr-1","Y70D2A.1",0.246031746031746
"150","nhr-1","npr-33",0.253968253968254
"151","nhr-1","F10D7.1",0.222222222222222
"152","nhr-1","gnrr-1",0.220472440944882
"153","nhr-1","ser-5",0.261904761904762
"154","nhr-1","srt-62",0.0476190476190476
"155","nhr-1","srbc-40",0.0317460317460317
"156","nhr-1","srg-53",0.0238095238095238
"157","nhr-1","srbc-41",0.0158730158730159
"158","nhr-1","srj-18",0.0317460317460317
"159","nhr-1","srh-38",0.0238095238095238
"160","nhr-1","srh-88",0.0317460317460317
"161","nhr-1","srab-10",0.0396825396825397
"162","nhr-1","srab-11",0.0396825396825397
"163","nhr-1","srh-212",0.0238095238095238
"164","nhr-1","F59B1.4",0.0634920634920635
"165","nhr-1","str-114",0.0396825396825397
"166","nhr-1","str-113",0.00793650793650794
"167","nhr-1","ZC132.11",0.111111111111111
"168","nhr-1","ZC132.3",0.0952380952380952
"169","nhr-1","srh-192",0.0476190476190476
"170","nhr-1","srd-33",0.26984126984127
"171","nhr-1","srr-4",0.206349206349206
"172","nhr-1","srh-129",0.0555555555555556
"173","nhr-1","srt-64",0.00793650793650794
"174","nhr-1","srt-67",0.0317460317460317
"175","nhr-1","srg-25",0.0396825396825397
"176","nhr-1","srd-9",0.0238095238095238
"177","nhr-1","srd-15",0.0714285714285714
"178","nhr-1","srsx-17",0.111111111111111
"179","nhr-1","srn-1",0.0158730158730159
"180","nhr-1","dmsr-16",0.0793650793650794
"181","nhr-1","dmsr-13",0.0476190476190476
"182","nhr-1","sre-12",0.0238095238095238
"183","nhr-1","srsx-32",0.00793650793650794
"184","nhr-1","srh-125",0.0634920634920635
"185","nhr-1","srbc-11",0.0476190476190476
"186","nhr-1","srh-200",0.0158730158730159
"187","nhr-1","srsx-6",0.0476190476190476
"188","nhr-1","srsx-5",0.0476190476190476
"189","nhr-1","D1014.2",0.174603174603175
"190","nhr-1","F36D4.4",0.166666666666667
"191","nhr-1","sru-8",0.0317460317460317
"192","nhr-1","srd-49",0.134920634920635
"193","nhr-1","srsx-26",0.0476190476190476
"194","nhr-1","srsx-27",0.0317460317460317
"195","nhr-1","srsx-28",0.0238095238095238
"196","nhr-1","srsx-29",0.0158730158730159
"197","nhr-1","srv-8",0.0317460317460317
"198","nhr-1","srv-9",0.0238095238095238
"199","nhr-1","srd-18",0.0317460317460317
"200","nhr-1","srd-19",0.0873015873015873
"201","nhr-1","T10G3.4",0.0634920634920635
"202","nhr-1","srx-137",0.0238095238095238
"203","nhr-1","str-8",0.0238095238095238
"204","nhr-1","srh-98",0.0555555555555556
"205","nhr-1","str-15",0.0238095238095238
"206","nhr-1","srh-142",0.0317460317460317
"207","nhr-1","srr-3",0.126984126984127
"208","nhr-1","Y70C5A.2",0.0396825396825397
"209","nhr-1","srx-18",0.00793650793650794
"210","nhr-1","srsx-35",0.0317460317460317
"211","nhr-1","srxa-1",0.0158730158730159
"212","nhr-1","srh-72",0.0476190476190476
"213","nhr-1","sri-47",0.0634920634920635
"214","nhr-1","sri-62",0.21259842519685
"215","nhr-1","srx-112",0.0396825396825397
"216","nhr-1","srb-16",0.158730158730159
"217","nhr-1","srb-13",0.0158730158730159
"218","nhr-1","C30B5.7",0.365079365079365
"219","nhr-1","sra-27",0.0634920634920635
"220","nhr-1","sre-3",0.0476190476190476
"221","nhr-1","srd-54",0.0238095238095238
"222","nhr-1","srab-14",0.515625
"223","nhr-1","F27E5.5",0.0873015873015873
"224","nhr-1","sra-14",0.0634920634920635
"225","nhr-1","sre-13",0.0158730158730159
"226","nhr-1","frpr-19",0.341269841269841
"227","nhr-1","Y54G2A.38",0.111111111111111
"228","nhr-1","Y54G2A.77",0.0476190476190476
"229","nhr-1","srz-60",0.00793650793650794
"230","nhr-1","srz-32",0.0476190476190476
"231","nhr-1","srz-23",0.00793650793650794
"232","nhr-1","srz-37",0.0158730158730159
"233","nhr-1","srz-78",0.00793650793650794
"234","nhr-1","srz-79",0.0158730158730159
"235","nhr-1","srz-20",0.00793650793650794
"236","nhr-1","srz-19",0.0158730158730159
"237","nhr-1","srh-220",0.0396825396825397
"238","nhr-1","srh-222",0.0158730158730159
"239","nhr-1","srw-94",0.0396825396825397
"240","nhr-1","str-156",0.0238095238095238
"241","nhr-1","str-155",0.0317460317460317
"242","nhr-1","srz-24",0.0476190476190476
"243","nhr-1","tkr-2",0.134920634920635
"244","nhr-1","ops-1",0.0238095238095238
"245","nhr-1","srv-13",0.0317460317460317
"246","nhr-1","R13H7.2",0.181102362204724
"247","nhr-1","srg-48",0.0396825396825397
"248","nhr-1","srg-50",0.0793650793650794
"249","nhr-1","sru-1",0.0476190476190476
"250","nhr-1","sru-6",0.0317460317460317
"251","nhr-1","sri-19",0.0238095238095238
"252","nhr-1","srj-1",0.0476190476190476
"253","nhr-1","srz-29",0.00793650793650794
"254","nhr-1","srz-42",0.00793650793650794
"255","nhr-1","srz-59",0.00793650793650794
"256","nhr-1","T27E7.3",0.0317460317460317
"257","nhr-1","T27E7.4",0.00793650793650794
"258","nhr-1","srz-75",0.00793650793650794
"259","nhr-1","srz-61",0.0158730158730159
"260","nhr-1","srz-104",0.0238095238095238
"261","nhr-1","srz-105",0.00793650793650794
"262","nhr-1","srz-74",0.00793650793650794
"263","nhr-1","srz-71",0.00793650793650794
"264","nhr-1","C35D6.13",0.00793650793650794
"265","nhr-1","str-187",0.0476190476190476
"266","nhr-1","F40G9.15",0.0158730158730159
"267","nhr-1","srz-56",0.0158730158730159
"268","nhr-1","npr-15",0.307086614173228
"269","nhr-1","Y32H12A.1",0.0317460317460317
"270","nhr-1","srg-4",0.0238095238095238
"271","nhr-1","srg-5",0.0238095238095238
"272","nhr-1","dmsr-5",0.285714285714286
"273","nhr-1","gnrr-4",0.523809523809524
"274","nhr-1","egl-6",0.134920634920635
"275","nhr-1","T10E10.3",0.158730158730159
"276","nhr-1","C17H11.1",0.134920634920635
"277","nhr-1","F18E9.8",0.0952380952380952
"278","nhr-1","Y62H9A.1",0.0158730158730159
"279","nhr-1","srd-41",0.0476190476190476
"280","nhr-1","sra-38",0.0317460317460317
"281","nhr-1","sprr-2",0.182539682539683
"282","nhr-1","ntr-2",0.222222222222222
"283","nhr-1","npr-21",0.23015873015873
"284","nhr-1","srz-4",0.0317460317460317
"285","nhr-1","trhr-1",0.198412698412698
"286","nhr-1","srz-3",0.00793650793650794
"287","nhr-1","srz-85",0.0555555555555556
"288","nhr-1","sri-11",0.0634920634920635
"289","nhr-1","srh-78",0.0476190476190476
"290","nhr-1","srh-80",0.0158730158730159
"291","nhr-1","sri-73",0.00793650793650794
"292","nhr-1","srh-266",0.0158730158730159
"293","nhr-1","srx-21",0.0158730158730159
"294","nhr-1","srh-2",0.0158730158730159
"295","nhr-1","srw-91",0.0317460317460317
"296","nhr-1","srh-5",0.0158730158730159
"297","nhr-1","srw-101",0.0317460317460317
"298","nhr-1","str-160",0.0476190476190476
"299","nhr-1","srh-199",0.00793650793650794
"300","nhr-1","srd-73",0.0555555555555556
"301","nhr-1","W02H5.11",0.0555555555555556
"302","nhr-1","srg-56",0.0158730158730159
"303","nhr-1","srg-61",0.0158730158730159
"304","nhr-1","srh-243",0.0396825396825397
"305","nhr-1","srh-127",0.0476190476190476
"306","nhr-1","srh-146",0.0396825396825397
"307","nhr-1","C31B8.1",0.0317460317460317
"308","nhr-1","srw-129",0.0317460317460317
"309","nhr-1","srh-85",0.0158730158730159
"310","nhr-1","srt-15",0.0238095238095238
"311","nhr-1","srh-185",0.00793650793650794
"312","nhr-1","srh-213",0.0317460317460317
"313","nhr-1","srt-30",0.119047619047619
"314","nhr-1","srh-190",0.00793650793650794
"315","nhr-1","srh-8",0.00793650793650794
"316","nhr-1","srh-7",0.0317460317460317
"317","nhr-1","srh-4",0.0158730158730159
"318","nhr-1","srw-89",0.0555555555555556
"319","nhr-1","srh-204",0.00793650793650794
"320","nhr-1","srh-193",0.0158730158730159
"321","nhr-1","srh-194",0.0396825396825397
"322","nhr-1","srx-74",0.0238095238095238
"323","nhr-1","srx-73",0.0238095238095238
"324","nhr-1","srh-23",0.0158730158730159
"325","nhr-1","srh-22",0.0158730158730159
"326","nhr-1","srh-20",0.0317460317460317
"327","nhr-1","srh-130",0.0317460317460317
"328","nhr-1","srx-38",0.0555555555555556
"329","nhr-1","dmsr-7",0.448818897637795
"330","nhr-1","T10H9.1",0.198412698412698
"331","nhr-1","srg-30",0.078740157480315
"332","nhr-1","srh-28",0.0317460317460317
"333","nhr-1","dmsr-9",0.0793650793650794
"334","nhr-1","dmsr-11",0.0317460317460317
"335","nhr-1","dmsr-14",0.0396825396825397
"336","nhr-1","srh-83",0.00793650793650794
"337","nhr-1","srh-187",0.0158730158730159
"338","nhr-1","srh-275",0.0555555555555556
"339","nhr-1","srh-79",0.0238095238095238
"340","nhr-1","srh-229",0.0158730158730159
"341","nhr-1","srb-18",0.0396825396825397
"342","nhr-1","srb-19",0.0396825396825397
"343","nhr-1","srh-234",0.0158730158730159
"344","nhr-1","ZK105.8",0.0476190476190476
"345","nhr-1","srsx-7",0.0238095238095238
"346","nhr-1","srt-53",0.166666666666667
"347","nhr-1","str-131",0.0158730158730159
"348","nhr-1","str-90",0.0393700787401575
"349","nhr-1","str-84",0.0396825396825397
"350","nhr-1","srx-1",0.0158730158730159
"351","nhr-1","srx-3",0.0714285714285714
"352","nhr-1","srsx-34",0.0476190476190476
"353","nhr-1","F07C3.16",0.0714285714285714
"354","nhr-1","sru-29",0.0555555555555556
"355","nhr-1","sru-36",0.0317460317460317
"356","nhr-1","srab-18",0.0476190476190476
"357","nhr-1","sre-28",0.0158730158730159
"358","nhr-1","F57A8.4",0.238095238095238
"359","nhr-1","srh-184",0.0555555555555556
"360","nhr-1","srh-74",0.0396825396825397
"361","nhr-1","srh-75",0.0555555555555556
"362","nhr-1","F07B10.7",0.0317460317460317
"363","nhr-1","F07B10.4",0.0476190476190476
"364","nhr-1","srh-47",0.0396825396825397
"365","nhr-1","srh-46",0.0634920634920635
"366","nhr-1","T11F9.1",0.261904761904762
"367","nhr-1","srx-85",0.142857142857143
"368","nhr-1","D2023.1",0.0793650793650794
"369","nhr-1","srj-4",0.214285714285714
"370","nhr-1","srh-25",0.00793650793650794
"371","nhr-1","sre-20",0.0396825396825397
"372","nhr-1","sri-6",0.00793650793650794
"373","nhr-1","str-4",0.0158730158730159
"374","nhr-1","srg-46",0.0317460317460317
"375","nhr-1","srx-125",0.0714285714285714
"376","nhr-1","T10G3.2",0.0555555555555556
"377","nhr-1","R11G10.3",0.15748031496063
"378","nhr-1","srx-129",0.0317460317460317
"379","nhr-1","srx-130",0.0238095238095238
"380","nhr-1","srx-131",0.0238095238095238
"381","nhr-1","srx-10",0.0317460317460317
"382","nhr-1","srh-24",0.0634920634920635
"383","nhr-1","str-230",0.0317460317460317
"384","nhr-1","sre-8",0.0555555555555556
"385","nhr-1","srz-97",0.0555555555555556
"386","nhr-1","srt-32",0.0238095238095238
"387","nhr-1","srh-17",0.0476190476190476
"388","nhr-1","C47E8.3",0.283464566929134
"389","nhr-1","npr-13",0.19047619047619
"390","nhr-1","str-171",0.0793650793650794
"391","nhr-1","srz-11",0.00793650793650794
"392","nhr-1","sri-24",0.0476190476190476
"393","nhr-1","sri-26",0.0396825396825397
"394","nhr-1","sri-25",0.0396825396825397
"395","nhr-1","srsx-37",0.0158730158730159
"396","nhr-1","srw-17",0.0238095238095238
"397","nhr-1","srw-19",0.0238095238095238
"398","nhr-1","T26H8.4",0.0396825396825397
"399","nhr-1","srz-10",0.0634920634920635
"400","nhr-1","srw-113",0.0158730158730159
"401","nhr-1","srh-170",0.00793650793650794
"402","nhr-1","sri-7",0.00793650793650794
"403","nhr-1","srh-239",0.0158730158730159
"404","nhr-1","srh-218",0.0238095238095238
"405","nhr-1","srh-219",0.0238095238095238
"406","nhr-1","srh-276",0.0714285714285714
"407","nhr-1","srz-44",0.0317460317460317
"408","nhr-1","srsx-36",0.0158730158730159
"409","nhr-1","srbc-54",0.0238095238095238
"410","nhr-1","srh-149",0.0238095238095238
"411","nhr-1","srh-147",0.00793650793650794
"412","nhr-1","srh-148",0.00793650793650794
"413","nhr-1","srz-12",0.00793650793650794
"414","nhr-1","str-57",0.0476190476190476
"415","nhr-1","str-56",0.0793650793650794
"416","nhr-1","srh-186",0.0158730158730159
"417","nhr-1","sru-22",0.0476190476190476
"418","nhr-1","srx-44",0.0238095238095238
"419","nhr-1","str-109",0.0396825396825397
"420","nhr-1","str-111",0.0158730158730159
"421","nhr-1","K05D4.9",0.0317460317460317
"422","nhr-1","srz-14",0.0238095238095238
"423","nhr-1","srh-279",0.0158730158730159
"424","nhr-1","srh-95",0.0238095238095238
"425","nhr-1","srh-180",0.0634920634920635
"426","nhr-1","srh-167",0.00793650793650794
"427","nhr-1","sri-65",0.00793650793650794
"428","nhr-1","sre-36",0.0396825396825397
"429","nhr-1","srh-139",0.0158730158730159
"430","nhr-1","srh-136",0.0317460317460317
"431","nhr-1","srz-103",0.00793650793650794
"432","nhr-1","srz-102",0.0317460317460317
"433","nhr-1","srz-101",0.0158730158730159
"434","nhr-1","srh-137",0.00793650793650794
"435","nhr-1","srz-99",0.00793650793650794
"436","nhr-1","srz-100",0.00793650793650794
"437","nhr-1","srh-206",0.0238095238095238
"438","nhr-1","srh-119",0.00793650793650794
"439","nhr-1","sri-9",0.00793650793650794
"440","nhr-1","srh-131",0.0158730158730159
"441","nhr-1","srz-94",0.00793650793650794
"442","nhr-1","sri-66",0.00793650793650794
"443","nhr-1","srh-255",0.00793650793650794
"444","nhr-1","srh-237",0.0238095238095238
"445","nhr-1","srh-102",0.00793650793650794
"446","nhr-1","srz-66",0.00793650793650794
"447","nhr-1","srh-174",0.0158730158730159
"448","nhr-1","srh-159",0.0158730158730159
"449","nhr-1","str-199",0.0158730158730159
"450","nhr-1","srz-47",0.0396825396825397
"451","nhr-1","srz-96",0.0158730158730159
"452","nhr-1","srh-113",0.0396825396825397
"453","nhr-1","srh-109",0.0555555555555556
"454","nhr-1","srh-112",0.00793650793650794
"455","nhr-1","srh-116",0.00793650793650794
"456","nhr-1","srh-115",0.00793650793650794
"457","nhr-1","srz-58",0.0396825396825397
"458","nhr-1","srh-120",0.00793650793650794
"459","nhr-1","srh-132",0.00793650793650794
"460","nhr-1","srsx-2",0.0238095238095238
"461","nhr-1","srh-154",0.00793650793650794
"462","nhr-1","srh-203",0.0238095238095238
"463","nhr-1","srh-235",0.0158730158730159
"464","nhr-1","srh-123",0.0158730158730159
"465","nhr-1","srbc-61",0.0317460317460317
"466","nhr-1","srh-111",0.0158730158730159
"467","nhr-1","srh-118",0.0238095238095238
"468","nhr-1","srz-25",0.0158730158730159
"469","nhr-1","srz-91",0.00793650793650794
"470","nhr-1","sre-21",0.0634920634920635
"471","nhr-1","srh-207",0.0158730158730159
"472","nhr-1","srh-182",0.0476190476190476
"473","nhr-1","srh-181",0.0555555555555556
"474","nhr-1","srh-178",0.0476190476190476
"475","nhr-1","srh-208",0.0238095238095238
"476","nhr-1","srh-173",0.0396825396825397
"477","nhr-1","srh-233",0.0317460317460317
"478","nhr-1","srz-16",0.00793650793650794
"479","nhr-1","srxa-14",0.0158730158730159
"480","nhr-1","srxa-15",0.0317460317460317
"481","nhr-1","nmur-2",0.141732283464567
"482","nhr-1","sri-45",0.0238095238095238
"483","nhr-1","sri-46",0.0238095238095238
"484","nhr-1","srh-274",0.0396825396825397
"485","nhr-1","srz-63",0.0238095238095238
"486","nhr-1","srh-195",0.00793650793650794
"487","nhr-1","sri-74",0.0158730158730159
"488","nhr-1","sri-77",0.0317460317460317
"489","nhr-1","sri-38",0.00793650793650794
"490","nhr-1","sri-57",0.00793650793650794
"491","nhr-1","sri-61",0.0317460317460317
"492","nhr-1","srh-128",0.0317460317460317
"493","nhr-1","sri-29",0.0238095238095238
"494","nhr-1","sri-30",0.0238095238095238
"495","nhr-1","sri-28",0.0317460317460317
"496","nhr-1","sri-31",0.0238095238095238
"497","nhr-1","srg-21",0.0238095238095238
"498","nhr-1","srg-23",0.0396825396825397
"499","nhr-1","sri-42",0.0238095238095238
"500","nhr-1","sri-43",0.00793650793650794
"501","nhr-1","sri-32",0.0317460317460317
"502","nhr-1","sri-33",0.0317460317460317
"503","nhr-1","sri-40",0.0158730158730159
"504","nhr-1","sri-78",0.00793650793650794
"505","nhr-1","sri-51",0.0317460317460317
"506","nhr-1","sri-50",0.00793650793650794
"507","nhr-1","srz-67",0.00793650793650794
"508","nhr-1","srh-59",0.0158730158730159
"509","nhr-1","srh-60",0.00793650793650794
"510","nhr-1","srx-108",0.0317460317460317
"511","nhr-1","srx-110",0.0238095238095238
"512","nhr-1","sre-40",0.0238095238095238
"513","nhr-1","sre-39",0.078740157480315
"514","nhr-1","R05F9.7",0.0476190476190476
"515","nhr-1","srx-114",0.0555555555555556
"516","nhr-1","sra-28",0.0158730158730159
"517","nhr-1","sra-26",0.0396825396825397
"518","nhr-1","sre-1",0.0317460317460317
"519","nhr-1","sre-2",0.0634920634920635
"520","nhr-1","T22C8.1",0.0714285714285714
"521","nhr-1","srg-15",0.0396825396825397
"522","nhr-1","npr-20",0.103174603174603
"523","nhr-1","F27E5.8",0.0317460317460317
"524","nhr-1","sre-51",0.0714285714285714
"525","nhr-1","sre-53",0.0158730158730159
"526","nhr-1","sre-56",0.0238095238095238
"527","nhr-1","sre-54",0.0396825396825397
"528","nhr-1","sre-52",0.0476190476190476
"529","nhr-1","sre-42",0.0317460317460317
"530","nhr-1","sre-41",0.0317460317460317
"531","nhr-1","F57G9.7",0.0396825396825397
"532","nhr-1","sre-29",0.0396825396825397
"533","nhr-1","sre-30",0.0317460317460317
"534","nhr-1","sre-31",0.0396825396825397
"535","nhr-1","sre-27",0.0873015873015873
"536","nhr-1","sre-26",0.0158730158730159
"537","nhr-1","sre-33",0.00793650793650794
"538","nhr-1","sre-32",0.0158730158730159
"539","nhr-1","sre-38",0.0317460317460317
"540","nhr-1","srg-16",0.0555555555555556
"541","nhr-1","sre-45",0.174603174603175
"542","nhr-1","sre-46",0.0396825396825397
"543","nhr-1","sre-44",0.0714285714285714
"544","nhr-1","sre-43",0.0476190476190476
"545","nhr-1","sre-48",0.0396825396825397
"546","nhr-1","sre-47",0.0238095238095238
"547","nhr-1","srh-41",0.0555555555555556
"548","nhr-1","srh-42",0.0396825396825397
"549","nhr-1","H23L24.4",0.246031746031746
"550","nhr-1","K01A6.6",0.134920634920635
"551","nhr-1","npr-30",0.103174603174603
"552","nhr-1","sra-25",0.0396825396825397
"553","nhr-1","npr-14",0.126984126984127
"554","nhr-1","srbc-59",0.0317460317460317
"555","nhr-1","srab-16",0.0476190476190476
"556","nhr-1","str-244",0.0238095238095238
"557","nhr-1","srab-2",0.0317460317460317
"558","nhr-1","srh-244",0.0396825396825397
"559","nhr-1","srr-10",0.103174603174603
"560","nhr-1","T06E4.7",0.00793650793650794
"561","nhr-1","str-182",0.0317460317460317
"562","nhr-1","sri-20",0.0317460317460317
"563","nhr-1","frpr-9",0.261904761904762
"564","nhr-1","C34B4.3",0.365079365079365
"565","nhr-1","gnrr-2",0.253968253968254
"566","nhr-1","sra-33",0.0476190476190476
"567","nhr-1","srb-3",0.0476190476190476
"568","nhr-1","srh-39",0.0476190476190476
"569","nhr-1","npr-34",0.166666666666667
"570","nhr-1","K03H6.5",0.196850393700787
"571","nhr-1","frpr-10",0.181102362204724
"572","nhr-1","npr-22",0.165354330708661
"573","nhr-1","F59B2.13",0.133858267716535
"574","nhr-1","frpr-11",0.251968503937008
"575","nhr-1","F09C6.16",0.015748031496063
"576","nhr-1","srg-69",0.0866141732283465
"577","nhr-1","Y57A10C.8",0.031496062992126
"578","nhr-1","dct-12",0.102362204724409
"579","nhr-1","srh-67",0.031496062992126
"580","nhr-1","srh-69",0.047244094488189
"581","nhr-1","npr-35",0.182539682539683
"582","nhr-1","npr-9",0.0634920634920635
"583","nhr-1","ckr-1",0.293650793650794
"584","nhr-1","F16C3.1",0.420634920634921
"585","nhr-1","srt-42",0.182539682539683
"586","nhr-1","srt-13",0.0714285714285714
"587","nhr-1","srj-14",0.0396825396825397
"588","nhr-1","F40A3.7",0.277777777777778
"589","nhr-1","frpr-12",0.182539682539683
"590","nhr-1","frpr-6",0.158730158730159
"591","nhr-1","srh-217",0.0317460317460317
"592","nhr-1","frpr-14",0.0634920634920635
"593","nhr-1","sra-1",0.0317460317460317
"594","nhr-1","sre-15",0.0317460317460317
"595","nhr-1","srd-64",0.0317460317460317
"596","nhr-1","C30A5.10",0.0793650793650794
"597","nhr-1","srx-45",0.206349206349206
"598","nhr-1","dop-4",0.182539682539683
"599","nhr-1","sre-23",0.0714285714285714
"600","nhr-1","sri-4",0.0158730158730159
"601","nhr-1","srab-13",0.0396825396825397
"602","nhr-1","srd-32",0.119047619047619
"603","nhr-1","srw-35",0.0238095238095238
"604","nhr-1","Y41D4B.24",0.23015873015873
"605","nhr-1","Y57G11C.46",0.111111111111111
"606","nhr-1","npr-17",0.142857142857143
"607","nhr-1","srd-45",0.0793650793650794
"608","nhr-1","sre-22",0.0317460317460317
"609","nhr-1","sru-47",0.0873015873015873
"610","nhr-1","srw-88",0.0714285714285714
"611","nhr-1","srbc-33",0.0396825396825397
"612","nhr-1","srx-41",0.0555555555555556
"613","nhr-1","srab-4",0.23015873015873
"614","nhr-1","srx-2",0.0317460317460317
"615","nhr-1","sru-39",0.0793650793650794
"616","nhr-1","sru-37",0.0952380952380952
"617","nhr-1","srsx-19",0.126984126984127
"618","nhr-1","srb-2",0.0317460317460317
"619","nhr-1","sra-10",0.198412698412698
"620","nhr-1","sra-11",0.119047619047619
"621","nhr-1","ador-1",0.158730158730159
"622","nhr-1","srh-68",0.0317460317460317
"623","nhr-1","Y77E11A.16",0.103174603174603
"624","nhr-1","sprr-3",0.198412698412698
"625","nhr-1","str-44",0.0317460317460317
"626","nhr-1","srv-1",0.0158730158730159
"627","nhr-1","R13A5.15",0.0873015873015873
"628","nhr-1","gtr-1",0.214285714285714
"629","nhr-1","srv-6",0.103174603174603
"630","nhr-1","gnrr-7",0.103174603174603
"631","nhr-1","srd-50",0.0317460317460317
"632","nhr-1","srd-51",0.142857142857143
"633","nhr-1","srbc-19",0.0634920634920635
"634","nhr-1","srx-128",0.0634920634920635
"635","nhr-1","sri-1",0.0317460317460317
"636","nhr-1","srw-84",0.0238095238095238
"637","nhr-1","srd-3",0.0714285714285714
"638","nhr-1","srw-79",0.0238095238095238
"639","nhr-1","srh-70",0.0158730158730159
"640","nhr-1","tkr-3",0.196850393700787
"641","nhr-1","srsx-16",0.0634920634920635
"642","nhr-1","sru-27",0.0952380952380952
"643","nhr-1","frpr-4",0.23015873015873
"644","nhr-1","W10C4.1",0.119047619047619
"645","nhr-1","C54C6.4",0.0238095238095238
"646","nhr-1","srxa-10",0.119047619047619
"647","nhr-1","gnrr-6",0.166666666666667
"648","nhr-1","K11E4.6",0.126984126984127
"649","nhr-1","srbc-67",0.0317460317460317
"650","nhr-1","srx-86",0.0396825396825397
"651","nhr-1","srx-87",0.0158730158730159
"652","nhr-1","sra-34",0.0238095238095238
"653","nhr-1","sra-12",0.0396825396825397
"654","nhr-1","srb-17",0.0873015873015873
"655","nhr-1","lite-1",0.119047619047619
"656","nhr-1","str-204",0.0396825396825397
"657","nhr-1","srx-115",0.0793650793650794
"658","nhr-1","str-169",0.0714285714285714
"659","nhr-1","srv-24",0.0634920634920635
"660","nhr-1","srt-48",0.0555555555555556
"661","nhr-1","srv-14",0.0238095238095238
"662","nhr-1","npr-1",0.158730158730159
"663","nhr-1","aexr-2",0.0396825396825397
"664","nhr-1","srh-50",0.0158730158730159
"665","nhr-1","srb-15",0.0317460317460317
"666","nhr-1","str-253",0.0555555555555556
"667","nhr-1","srh-56",0.0238095238095238
"668","nhr-1","srh-240",0.0476190476190476
"669","nhr-1","sre-9",0.0238095238095238
"670","nhr-1","srx-66",0.0158730158730159
"671","nhr-1","srr-6",0.0793650793650794
"672","nhr-1","str-140",0.0396825396825397
"673","nhr-1","str-129",0.0158730158730159
"674","nhr-1","srsx-31",0.0317460317460317
"675","nhr-1","srd-4",0.0714285714285714
"676","nhr-1","srr-1",0.103174603174603
"677","nhr-1","srxa-13",0.0158730158730159
"678","nhr-1","str-97",0.0396825396825397
"679","nhr-1","str-92",0.0158730158730159
"680","nhr-1","gar-3",0.23015873015873
"681","nhr-1","Y116A8C.40",0.0238095238095238
"682","nhr-1","Y62H9A.10",0.0476190476190476
"683","nhr-1","srxa-8",0.0396825396825397
"684","nhr-1","str-134",0.0317460317460317
"685","nhr-1","srh-271",0.0714285714285714
"686","nhr-1","srw-141",0.0158730158730159
"687","nhr-1","sre-10",0.0634920634920635
"688","nhr-1","str-177",0.0238095238095238
"689","nhr-1","fshr-1",0.0476190476190476
"690","nhr-1","str-164",0.0238095238095238
"691","nhr-1","srd-7",0.0158730158730159
"692","nhr-1","srw-63",0.0238095238095238
"693","nhr-1","srd-74",0.0238095238095238
"694","nhr-1","srd-46",0.0396825396825397
"695","nhr-1","srbc-39",0.0396825396825397
"696","nhr-1","srw-98",0.0714285714285714
"697","nhr-1","srw-136",0.0158730158730159
"698","nhr-1","srt-20",0.0714285714285714
"699","nhr-1","srsx-10",0.0158730158730159
"700","nhr-1","srsx-18",0.0396825396825397
"701","nhr-1","srw-69",0.0317460317460317
"702","nhr-1","srbc-9",0.0238095238095238
"703","nhr-1","srsx-22",0.0634920634920635
"704","nhr-1","srx-97",0.0396825396825397
"705","nhr-1","str-163",0.0634920634920635
"706","nhr-1","srj-21",0.0396825396825397
"707","nhr-1","C04C3.7",0.0158730158730159
"708","nhr-1","srm-1",0.0238095238095238
"709","nhr-1","srsx-14",0.0317460317460317
"710","nhr-1","srt-73",0.0238095238095238
"711","nhr-1","sru-7",0.103174603174603
"712","nhr-1","sru-2",0.0317460317460317
"713","nhr-1","sru-20",0.0158730158730159
"714","nhr-1","sru-19",0.0158730158730159
"715","nhr-1","sru-13",0.0317460317460317
"716","nhr-1","srd-10",0.0317460317460317
"717","nhr-1","srab-24",0.0317460317460317
"718","nhr-1","srv-5",0.0714285714285714
"719","nhr-1","srv-7",0.0952380952380952
"720","nhr-1","sri-5",0.0555555555555556
"721","nhr-1","str-221",0.0158730158730159
"722","nhr-1","srw-103",0.0158730158730159
"723","nhr-1","srw-102",0.0158730158730159
"724","nhr-1","Y40B10A.5",0.0238095238095238
"725","nhr-1","C45H4.18",0.0238095238095238
"726","nhr-1","srw-139",0.0158730158730159
"727","nhr-1","srw-121",0.00793650793650794
"728","nhr-1","srab-9",0.0396825396825397
"729","nhr-1","srbc-3",0.0396825396825397
"730","nhr-1","sri-21",0.0396825396825397
"731","nhr-1","F38H12.5",0.0238095238095238
"732","nhr-1","srt-19",0.0317460317460317
"733","nhr-1","srh-21",0.0317460317460317
"734","nhr-1","srw-140",0.0396825396825397
"735","nhr-1","srx-117",0.0396825396825397
"736","nhr-1","srh-10",0.0396825396825397
"737","nhr-1","srh-30",0.0555555555555556
"738","nhr-1","str-41",0.0317460317460317
"739","nhr-1","srw-71",0.0555555555555556
"740","nhr-1","srh-268",0.0317460317460317
"741","nhr-1","str-135",0.0793650793650794
"742","nhr-1","sru-38",0.0555555555555556
"743","nhr-1","srsx-21",0.0317460317460317
"744","nhr-1","srg-41",0.0396825396825397
"745","nhr-1","srsx-33",0.0396825396825397
"746","nhr-1","srx-116",0.0238095238095238
"747","nhr-1","srh-18",0.0238095238095238
"748","nhr-1","srh-15",0.0238095238095238
"749","nhr-1","srx-96",0.0158730158730159
"750","nhr-1","srx-135",0.0396825396825397
"751","nhr-1","srxa-12",0.0476190476190476
"752","nhr-1","srw-145",0.0238095238095238
"753","nhr-1","srm-4",0.00793650793650794
"754","nhr-1","srm-6",0.0396825396825397
"755","nhr-1","R02D5.6",0.0317460317460317
"756","nhr-1","srw-33",0.0238095238095238
"757","nhr-1","srw-77",0.0158730158730159
"758","nhr-1","srj-26",0.0158730158730159
"759","nhr-1","srxa-6",0.0158730158730159
"760","nhr-1","srx-104",0.0317460317460317
"761","nhr-1","srx-105",0.0317460317460317
"762","nhr-1","srx-111",0.0317460317460317
"763","nhr-1","srb-12",0.0476190476190476
"764","nhr-1","sra-31",0.0158730158730159
"765","nhr-1","sra-9",0.0158730158730159
"766","nhr-1","sra-6",0.0158730158730159
"767","nhr-1","srh-27",0.0238095238095238
"768","nhr-1","sre-37",0.0317460317460317
"769","nhr-1","srx-118",0.0238095238095238
"770","nhr-1","str-174",0.0476190476190476
"771","nhr-1","str-168",0.0476190476190476
"772","nhr-1","str-78",0.0238095238095238
"773","nhr-1","srg-13",0.0238095238095238
"774","nhr-1","sru-48",0.0158730158730159
"775","nhr-1","srh-11",0.0158730158730159
"776","nhr-1","srd-42",0.0158730158730159
"777","nhr-1","srd-43",0.0238095238095238
"778","nhr-1","sra-17",0.0238095238095238
"779","nhr-1","sra-20",0.0158730158730159
"780","nhr-1","sra-21",0.0238095238095238
"781","nhr-1","srg-62",0.00793650793650794
"782","nhr-1","srbc-32",0.0158730158730159
"783","nhr-1","srh-211",0.0396825396825397
"784","nhr-1","srg-29",0.0158730158730159
"785","nhr-1","srg-66",0.00793650793650794
"786","nhr-1","srg-65",0.0555555555555556
"787","nhr-1","str-139",0.0317460317460317
"788","nhr-1","str-143",0.0158730158730159
"789","nhr-1","F38E1.6",0.0555555555555556
"790","nhr-1","str-2",0.0158730158730159
"791","nhr-1","srab-17",0.0396825396825397
"792","nhr-1","srab-26",0.0238095238095238
"793","nhr-1","srg-32",0.0317460317460317
"794","nhr-1","srg-39",0.0238095238095238
"795","nhr-1","srg-38",0.0158730158730159
"796","nhr-1","srg-40",0.0634920634920635
"797","nhr-1","str-141",0.0158730158730159
"798","nhr-1","srx-80",0.0396825396825397
"799","nhr-1","srd-35",0.0476190476190476
"800","nhr-1","str-37",0.0158730158730159
"801","nhr-1","srg-47",0.00793650793650794
"802","nhr-1","str-96",0.0158730158730159
"803","nhr-1","str-102",0.00793650793650794
"804","nhr-1","srx-43",0.00793650793650794
"805","nhr-1","str-198",0.00793650793650794
"806","nhr-1","srh-269",0.0317460317460317
"807","nhr-1","T03E6.9",0.0158730158730159
"808","nhr-1","T03E6.8",0.0158730158730159
"809","nhr-1","srd-70",0.0238095238095238
"810","nhr-1","C03H5.9",0.0158730158730159
"811","nhr-1","C03H5.7",0.00793650793650794
"812","nhr-1","sra-35",0.0158730158730159
"813","nhr-1","sra-32",0.0555555555555556
"814","nhr-1","srx-95",0.0476190476190476
"815","nhr-1","sra-13",0.0158730158730159
"816","nhr-1","srh-44",0.0238095238095238
"817","nhr-1","srx-120",0.0238095238095238
"818","nhr-1","srt-11",0.0158730158730159
"819","nhr-1","srh-282",0.00793650793650794
"820","nhr-1","srt-24",0.0158730158730159
"821","nhr-1","srh-223",0.0158730158730159
"822","nhr-1","str-48",0.0158730158730159
"823","nhr-1","sru-26",0.0555555555555556
"824","nhr-1","sru-21",0.0238095238095238
"825","nhr-1","srv-16",0.0158730158730159
"826","nhr-1","srv-11",0.00793650793650794
"827","nhr-1","srw-61",0.00793650793650794
"828","nhr-1","srd-67",0.00793650793650794
"829","nhr-1","srg-10",0.0317460317460317
"830","nhr-1","srg-11",0.0158730158730159
"831","nhr-1","srw-10",0.00793650793650794
"832","nhr-1","srw-9",0.0158730158730159
"833","nhr-1","srd-48",0.0158730158730159
"834","nhr-1","srh-49",0.0396825396825397
"835","nhr-1","srh-51",0.0238095238095238
"836","nhr-1","str-245",0.00793650793650794
"837","nhr-1","sru-25",0.0158730158730159
"838","nhr-1","sru-28",0.00793650793650794
"839","nhr-1","srt-4",0.0158730158730159
"840","nhr-1","srw-8",0.00793650793650794
"841","nhr-1","srab-20",0.0158730158730159
"842","nhr-1","srw-7",0.0238095238095238
"843","nhr-1","srw-6",0.00793650793650794
"844","nhr-1","srx-62",0.00793650793650794
"845","nhr-1","F47D2.11",0.00793650793650794
"846","nhr-1","str-211",0.00793650793650794
"847","nhr-1","str-112",0.0158730158730159
"848","nhr-1","C03G6.21",0.00793650793650794
"849","nhr-1","srbc-7",0.0238095238095238
"850","nhr-1","srx-46",0.0476190476190476
"851","nhr-1","srx-84",0.0158730158730159
"852","nhr-1","srx-76",0.0238095238095238
"853","nhr-1","srh-16",0.00793650793650794
"854","nhr-1","srg-45",0.0158730158730159
"855","nhr-1","srw-12",0.0317460317460317
"856","nhr-1","srw-11",0.00793650793650794
"857","nhr-1","srw-16",0.0158730158730159
"858","nhr-1","srx-51",0.0238095238095238
"859","nhr-1","srx-48",0.00793650793650794
"860","nhr-1","T26H8.5",0.00793650793650794
"861","nhr-1","str-38",0.0317460317460317
"862","nhr-1","str-18",0.0158730158730159
"863","nhr-1","str-19",0.0158730158730159
"864","nhr-1","str-60",0.0158730158730159
"865","nhr-1","sru-23",0.0238095238095238
"866","nhr-1","srbc-83",0.0238095238095238
"867","nhr-1","srh-216",0.0396825396825397
"868","nhr-1","srw-23",0.0238095238095238
"869","nhr-1","str-89",0.00793650793650794
"870","nhr-1","srh-134",0.0158730158730159
"871","nhr-1","srw-82",0.0317460317460317
"872","nhr-1","srw-85",0.0555555555555556
"873","nhr-1","srg-20",0.00793650793650794
"874","nhr-1","srw-97",0.0238095238095238
"875","nhr-1","sri-54",0.00793650793650794
"876","nhr-1","srh-100",0.0158730158730159
"877","nhr-1","srh-99",0.0238095238095238
"878","nhr-1","srv-2",0.0873015873015873
"879","nhr-1","srbc-71",0.00793650793650794
"880","nhr-1","str-173",0.0158730158730159
"881","nhr-1","str-172",0.0238095238095238
"882","nhr-1","str-175",0.00793650793650794
"883","nhr-1","srx-19",0.0158730158730159
"884","nhr-1","sre-16",0.0238095238095238
"885","nhr-1","srd-65",0.00793650793650794
"886","nhr-1","srg-9",0.0158730158730159
"887","nhr-1","srg-6",0.00793650793650794
"888","nhr-1","str-261",0.0158730158730159
"889","nhr-1","C09F12.3",0.0634920634920635
"890","nhr-1","srd-38",0.00793650793650794
"891","nhr-1","srd-36",0.00793650793650794
"892","nhr-1","frpr-17",0.293650793650794
"893","nhr-1","srbc-64",0.00793650793650794
"894","nhr-1","srh-37",0.00793650793650794
"895","nhr-1","srw-108",0.00793650793650794
"896","nhr-1","srbc-60",0.0158730158730159
"897","nhr-1","F41H8.2",0.0158730158730159
"898","nhr-1","srw-99",0.00793650793650794
"899","nhr-1","srw-100",0.00793650793650794
"900","nhr-1","srj-19",0.00793650793650794
"901","nhr-1","srh-241",0.0158730158730159
"902","nhr-1","str-64",0.0238095238095238
"903","nhr-1","str-260",0.0238095238095238
"904","nhr-1","srbc-66",0.0158730158730159
"905","nhr-1","srsx-11",0.0158730158730159
"906","nhr-1","srab-1",0.0396825396825397
"907","nhr-1","srab-3",0.0158730158730159
"908","nhr-1","srg-27",0.00793650793650794
"909","nhr-1","srh-76",0.0238095238095238
"910","nhr-1","srx-59",0.0396825396825397
"911","nhr-1","srx-56",0.0158730158730159
"912","nhr-1","srbc-8",0.00793650793650794
"913","nhr-1","str-146",0.0476190476190476
"914","nhr-1","srxa-18",0.0317460317460317
"915","nhr-1","srxa-19",0.0555555555555556
"916","nhr-1","srg-42",0.0158730158730159
"917","nhr-1","srd-11",0.0476190476190476
"918","nhr-1","srbc-51",0.00793650793650794
"919","nhr-1","srxa-16",0.0238095238095238
"920","nhr-1","srbc-82",0.0317460317460317
"921","nhr-1","srv-34",0.0238095238095238
"922","nhr-1","str-93",0.0238095238095238
"923","nhr-1","srh-32",0.00793650793650794
"924","nhr-1","srg-34",0.0158730158730159
"925","nhr-1","srx-98",0.00793650793650794
"926","nhr-1","srd-59",0.0158730158730159
"927","nhr-1","sra-3",0.0476190476190476
"928","nhr-1","sra-4",0.0158730158730159
"929","nhr-1","sra-7",0.00793650793650794
"930","nhr-1","srh-135",0.0158730158730159
"931","nhr-1","srh-61",0.00793650793650794
"932","nhr-1","ser-7",0.214285714285714
"933","nhr-1","srg-64",0.0476190476190476
"934","nhr-1","F41H8.1",0.0238095238095238
"935","nhr-1","srh-35",0.0238095238095238
"936","nhr-1","srb-1",0.0158730158730159
"937","nhr-1","sru-18",0.0396825396825397
"938","nhr-1","srx-17",0.0396825396825397
"939","nhr-1","str-103",0.00793650793650794
"940","nhr-1","nmur-3",0.0476190476190476
"941","nhr-1","srsx-8",0.0317460317460317
"942","nhr-1","Y9C9A.5",0.0238095238095238
"943","nhr-1","srd-12",0.0238095238095238
"944","nhr-1","odr-10",0.00793650793650794
"945","nhr-1","str-256",0.00793650793650794
"946","nhr-1","srj-6",0.0238095238095238
"947","nhr-1","srt-7",0.0238095238095238
"948","nhr-1","srj-11",0.0158730158730159
"949","nhr-1","str-63",0.00793650793650794
"950","nhr-1","str-227",0.0158730158730159
"951","nhr-1","srx-68",0.00793650793650794
"952","nhr-1","srx-67",0.00793650793650794
"953","nhr-1","srx-64",0.00793650793650794
"954","nhr-1","srt-12",0.0476190476190476
"955","nhr-1","srt-14",0.0238095238095238
"956","nhr-1","str-31",0.00793650793650794
"957","nhr-1","sre-11",0.0238095238095238
"958","nhr-1","str-130",0.0158730158730159
"959","nhr-1","str-145",0.0158730158730159
"960","nhr-1","srj-22",0.0476190476190476
"961","nhr-1","srd-26",0.00793650793650794
"962","nhr-1","srd-28",0.00793650793650794
"963","nhr-1","str-12",0.00793650793650794
"964","nhr-1","str-27",0.00793650793650794
"965","nhr-1","str-43",0.0158730158730159
"966","nhr-1","srd-27",0.00793650793650794
"967","nhr-1","str-148",0.00793650793650794
"968","nhr-1","srd-1",0.0238095238095238
"969","nhr-1","srd-2",0.0317460317460317
"970","nhr-1","Y55F3C.10",0.0238095238095238
"971","nhr-1","srd-5",0.0238095238095238
"972","nhr-1","str-1",0.0158730158730159
"973","nhr-1","srd-23",0.00793650793650794
"974","nhr-1","str-240",0.0158730158730159
"975","nhr-1","srsx-3",0.0158730158730159
"976","nhr-1","sru-31",0.00793650793650794
"977","nhr-1","str-116",0.0158730158730159
"978","nhr-1","srt-43",0.0158730158730159
"979","nhr-1","srt-59",0.0158730158730159
"980","nhr-1","srt-47",0.00793650793650794
"981","nhr-1","srj-8",0.0158730158730159
"982","nhr-1","str-144",0.0238095238095238
"983","nhr-1","srx-50",0.0158730158730159
"984","nhr-1","srt-41",0.0238095238095238
"985","nhr-1","srt-28",0.00793650793650794
"986","nhr-1","str-151",0.0158730158730159
"987","nhr-1","srt-38",0.0158730158730159
"988","nhr-1","F35H10.10",0.0317460317460317
"989","nhr-1","aexr-1",0.0158730158730159
"990","nhr-1","F09C12.6",0.0158730158730159
"991","nhr-1","sra-36",0.0158730158730159
"992","nhr-1","srh-245",0.00793650793650794
"993","nhr-1","srh-246",0.00793650793650794
"994","nhr-1","gur-3",0.0317460317460317
"995","nhr-1","str-249",0.0238095238095238
"996","nhr-1","srbc-16",0.00793650793650794
"997","nhr-1","str-165",0.0158730158730159
"998","nhr-1","lat-2",0.00793650793650794
"999","nhr-1","srw-56",0.0158730158730159
"1000","nhr-1","srxa-7",0.0158730158730159
"1001","nhr-1","srb-5",0.00793650793650794
"1002","nhr-1","srj-7",0.00793650793650794
"1003","nhr-1","srx-9",0.00793650793650794
"1004","nhr-1","srd-17",0.00793650793650794
