Gene_stable_ID,Gene_name,Chromosome,Gene_start,Gene_end
WBGene00021328,npr-23,I,1062293,1065297
WBGene00021477,srbc-64,I,2327989,2330162
WBGene00021275,dmsr-2,I,2533268,2542114
WBGene00018798,gnrr-1,I,4799988,4804396
WBGene00019012,F57C9.6,I,4821929,4824932
WBGene00015175,srz-4,I,5801872,5803266
WBGene00005272,srh-49,I,6297767,6299729
WBGene00005274,srh-51,I,6300493,6302298
WBGene00005273,srh-50,I,6302474,6304263
WBGene00005171,srg-14,I,6312750,6314624
WBGene00020712,ckr-1,I,6687334,6691671
WBGene00004778,ser-3,I,6820517,6823093
WBGene00016743,srb-15,I,6897735,6900619
WBGene00016265,trhr-1,I,6989056,6992112
WBGene00005131,srd-53,I,7294038,7295794
WBGene00023411,srz-3,I,8181337,8182933
WBGene00013957,sre-23,I,8256360,8258939
WBGene00008890,ser-5,I,8384931,8387039
WBGene00008885,F16C3.1,I,10147325,10149888
WBGene00003233,mgl-2,I,10382745,10391395
WBGene00015018,srz-85,I,10724161,10726136
WBGene00020857,srt-62,I,10899102,10902103
WBGene00020856,srt-61,I,10904370,10906698
WBGene00005517,sri-5,I,11182817,11186206
WBGene00009462,sre-22,I,11282426,11286561
WBGene00005710,sru-47,I,11289041,11291977
WBGene00005523,sri-11,I,11694577,11697943
WBGene00005524,sri-12,I,11699169,11701178
WBGene00010820,M01G12.6,I,12121711,12122060
WBGene00005858,srw-111,I,12122811,12125586
WBGene00005526,sri-14,I,12134268,12136465
WBGene00005525,sri-13,I,12140560,12142757
WBGene00005529,sri-17,I,12144007,12146977
WBGene00005528,sri-16,I,12148080,12150741
WBGene00005527,sri-15,I,12148783,12154333
WBGene00011582,ntr-1,I,12615957,12624190
WBGene00005051,sra-25,I,12686116,12688206
WBGene00005043,sra-17,I,12688727,12690572
WBGene00005044,sra-18,I,12692169,12693724
WBGene00005046,sra-20,I,12696558,12698214
WBGene00005047,sra-21,I,12699430,12701031
WBGene00005048,sra-22,I,12701439,12702886
WBGene00005049,sra-23,I,12703435,12704727
WBGene00005050,sra-24,I,12705097,12706983
WBGene00005835,srw-88,I,12720205,12722092
WBGene00012275,npr-14,I,13050443,13057477
WBGene00009558,F39B2.8,I,14760638,14768989
WBGene00006272,str-245,I,14852818,14854711
WBGene00019614,srt-54,II,117216,118691
WBGene00019616,nmur-2,II,123270,125004
WBGene00005081,srd-3,II,126938,128706
WBGene00020150,T01D1.5,II,187371,189067
WBGene00017038,dmsr-4,II,348173,357069
WBGene00206366,C03H5.9,II,378651,380361
WBGene00015409,C03H5.7,II,380573,382257
WBGene00005512,srh-105,II,508220,509330
WBGene00019496,frpr-14,II,650955,654075
WBGene00005557,sri-45,II,659828,661796
WBGene00005558,sri-46,II,669463,671125
WBGene00005479,srh-274,II,983142,984620
WBGene00006195,str-148,II,1046505,1048276
WBGene00005813,srw-66,II,1269540,1271914
WBGene00023499,srz-63,II,1278650,1281039
WBGene00021970,srz-64,II,1288735,1293257
WBGene00005177,srg-20,II,1636692,1638967
WBGene00005293,srh-72,II,1639213,1640596
WBGene00005844,srw-97,II,1667522,1669013
WBGene00005408,srh-195,II,2114554,2116894
WBGene00005586,sri-74,II,2580901,2583346
WBGene00005548,sri-36,II,2583732,2585593
WBGene00005551,sri-39,II,2587504,2589754
WBGene00005589,sri-77,II,2603208,2605419
WBGene00005550,sri-38,II,2610862,2612359
WBGene00005583,sri-71,II,2627749,2629196
WBGene00005549,sri-37,II,2629570,2631231
WBGene00005559,sri-47,II,2656906,2658258
WBGene00005569,sri-57,II,2670533,2672128
WBGene00005574,sri-62,II,2696939,2698478
WBGene00005573,sri-61,II,2698865,2700329
WBGene00005572,sri-60,II,2701389,2702857
WBGene00005345,srh-128,II,2703371,2705316
WBGene00005826,srw-79,II,2946738,2948434
WBGene00005807,srw-60,II,2958608,2961883
WBGene00005541,sri-29,II,3044323,3046115
WBGene00005542,sri-30,II,3044537,3048154
WBGene00005540,sri-28,II,3048678,3051153
WBGene00005543,sri-31,II,3051003,3052322
WBGene00005178,srg-21,II,3088474,3091296
WBGene00005179,srg-22,II,3091503,3093452
WBGene00005180,srg-23,II,3093902,3096160
WBGene00005181,srg-24,II,3098403,3100646
WBGene00005292,srh-71,II,3119332,3125409
WBGene00005566,sri-54,II,3135581,3137904
WBGene00005554,sri-42,II,3140918,3142955
WBGene00005555,sri-43,II,3143394,3144652
WBGene00044889,T10D4.14,II,3151221,3151715
WBGene00005544,sri-32,II,3152976,3154483
WBGene00005545,sri-33,II,3154558,3156849
WBGene00005546,sri-34,II,3157265,3159085
WBGene00045303,Y27F2A.10,II,3171468,3172276
WBGene00005552,sri-40,II,3177963,3180478
WBGene00005590,sri-78,II,3185158,3186790
WBGene00045304,Y27F2A.11,II,3189338,3190954
WBGene00005563,sri-51,II,3197613,3199098
WBGene00005560,sri-48,II,3199583,3201342
WBGene00005565,sri-53,II,3200684,3202619
WBGene00005562,sri-50,II,3203715,3205543
WBGene00005501,srh-297,II,3228885,3230522
WBGene00023479,srz-67,II,3235956,3237138
WBGene00005575,sri-63,II,3287373,3289031
WBGene00021722,srz-5,II,3512690,3514731
WBGene00005281,srh-59,II,3582052,3583505
WBGene00005282,srh-60,II,3583987,3586089
WBGene00005280,srh-57,II,3588283,3589721
WBGene00005509,srh-305,II,3592051,3593489
WBGene00005988,srx-97,II,3667136,3671068
WBGene00005989,srx-98,II,3668585,3671056
WBGene00005992,srx-101,II,3689467,3690746
WBGene00005993,srx-102,II,3693401,3694764
WBGene00005995,srx-104,II,3698599,3699691
WBGene00005996,srx-105,II,3699834,3701405
WBGene00005999,srx-108,II,3705620,3707065
WBGene00006001,srx-110,II,3709555,3710952
WBGene00005319,srh-100,II,3713188,3714695
WBGene00005318,srh-99,II,3715000,3716555
WBGene00016708,C46E10.2,II,3723378,3723898
WBGene00006002,srx-111,II,3757799,3759252
WBGene00006003,srx-112,II,3763447,3764586
WBGene00005456,srh-250,II,3878630,3879891
WBGene00015299,C01F1.4,II,4276202,4279268
WBGene00005787,srw-40,II,4314417,4316111
WBGene00002252,lat-2,II,4359082,4368281
WBGene00005061,sra-35,II,4524634,4527900
WBGene00005058,sra-32,II,4529636,4531980
WBGene00005059,sra-33,II,4534742,4537241
WBGene00005062,sra-36,II,4538988,4540731
WBGene00005060,sra-34,II,4541865,4543668
WBGene00020225,sre-40,II,4681764,4683728
WBGene00017371,sre-39,II,4687241,4689392
WBGene00019891,R05F9.7,II,4886276,4888211
WBGene00017278,F09C12.6,II,5116033,5118276
WBGene00019025,srb-16,II,5148530,5150929
WBGene00019027,srb-12,II,5153103,5154640
WBGene00019028,srb-13,II,5155436,5157625
WBGene00005070,srb-5,II,5161995,5163383
WBGene00005068,srb-3,II,5165315,5166838
WBGene00005067,srb-2,II,5168147,5169324
WBGene00005066,srb-1,II,5169831,5171032
WBGene00016909,frpr-4,II,5250923,5255534
WBGene00005226,srg-69,II,5355684,5357361
WBGene00006005,srx-114,II,5431431,5433086
WBGene00015005,B0034.5,II,5972856,5974966
WBGene00020023,frpr-16,II,6029514,6031206
WBGene00016246,daf-37,II,6203182,6208218
WBGene00016248,C30B5.7,II,6224780,6227095
WBGene00005053,sra-27,II,6569014,6570434
WBGene00005054,sra-28,II,6570547,6573777
WBGene00005055,sra-29,II,6574378,6575747
WBGene00005057,sra-31,II,6576974,6578478
WBGene00005052,sra-26,II,6649703,6651819
WBGene00005986,srx-95,II,6753126,6754774
WBGene00020319,npr-31,II,7144607,7147383
WBGene00005134,srd-56,II,7202016,7203210
WBGene00005135,srd-58,II,7203911,7205051
WBGene00005136,srd-59,II,7205688,7206892
WBGene00015568,sre-3,II,7385742,7389139
WBGene00005133,srd-55,II,7408492,7410747
WBGene00005132,srd-54,II,7432696,7434216
WBGene00005641,sro-1,II,7460026,7465619
WBGene00019999,srab-14,II,7497287,7499490
WBGene00005149,sre-1,II,7709768,7711503
WBGene00005262,srh-39,II,7763937,7765516
WBGene00005809,srw-62,II,7825407,7826694
WBGene00005150,sre-2,II,8100351,8102276
WBGene00005039,sra-13,II,8407685,8409237
WBGene00011922,T22C8.1,II,8612770,8614426
WBGene00005172,srg-15,II,8708689,8710417
WBGene00011578,npr-20,II,8860005,8865178
WBGene00002251,lat-1,II,8896834,8908666
WBGene00005271,srh-48,II,9380096,9384995
WBGene00005027,sra-1,II,9520200,9521670
WBGene00005028,sra-2,II,9528780,9529862
WBGene00005035,sra-9,II,9532311,9533974
WBGene00005034,sra-8,II,9537729,9539085
WBGene00005029,sra-3,II,9539274,9540823
WBGene00005030,sra-4,II,9541601,9542885
WBGene00005033,sra-7,II,9544686,9546208
WBGene00005032,sra-6,II,9548405,9550818
WBGene00044027,F27E5.8,II,10125898,10127455
WBGene00009194,F27E5.5,II,10128221,10131860
WBGene00005079,srd-1,II,10180199,10182734
WBGene00005080,srd-2,II,10185789,10187908
WBGene00005071,srb-6,II,10194905,10196835
WBGene00005352,srh-135,II,10226043,10227130
WBGene00005713,srv-2,II,10600459,10602284
WBGene00005036,sra-10,II,10893223,10895088
WBGene00005038,sra-12,II,10902756,10904479
WBGene00005037,sra-11,II,10908808,10910319
WBGene00007146,B0334.6,II,11510673,11513888
WBGene00005267,srh-44,II,11515075,11518154
WBGene00016834,sre-50,II,12303525,12305206
WBGene00016833,sre-51,II,12311860,12313660
WBGene00016832,sre-49,II,12318841,12321070
WBGene00016827,sre-53,II,12321193,12323405
WBGene00016831,sre-56,II,12324459,12327565
WBGene00016830,sre-55,II,12329294,12331122
WBGene00016829,sre-54,II,12332924,12335044
WBGene00016828,sre-52,II,12335730,12338093
WBGene00013276,sre-42,II,12384593,12386881
WBGene00013277,sre-41,II,12388293,12389839
WBGene00044048,F57G9.7,II,12394812,12397756
WBGene00010220,sre-29,II,12399399,12401891
WBGene00010218,sre-30,II,12404951,12406494
WBGene00010217,sre-31,II,12406822,12408817
WBGene00013281,sre-27,II,12415527,12417614
WBGene00013282,sre-26,II,12419133,12420586
WBGene00013286,Y57A10C.8,II,12427986,12429843
WBGene00013285,dct-12,II,12430788,12432311
WBGene00013288,Y57A10C.10,II,12440132,12441264
WBGene00012283,W05H5.1,II,12443119,12444779
WBGene00005250,srh-27,II,12448541,12449951
WBGene00043058,sre-34,II,12450149,12451407
WBGene00012286,sre-35,II,12451593,12452854
WBGene00012287,sre-33,II,12453302,12454693
WBGene00012288,sre-32,II,12454954,12456733
WBGene00008837,sre-38,II,12457575,12459564
WBGene00008839,sre-37,II,12465872,12467519
WBGene00005173,srg-16,II,12467133,12469369
WBGene00005174,srg-17,II,12473706,12475234
WBGene00011876,srz-6,II,12492236,12493627
WBGene00011878,ador-1,II,12497217,12502884
WBGene00005289,srh-68,II,12507338,12508452
WBGene00005288,srh-67,II,12508950,12510135
WBGene00005294,srh-73,II,12512166,12513316
WBGene00005290,srh-69,II,12513612,12514720
WBGene00005283,srh-61,II,12514985,12516413
WBGene00005291,srh-70,II,12516732,12518063
WBGene00006009,srx-118,II,12525826,12527964
WBGene00006010,srx-119,II,12528247,12529746
WBGene00006011,srx-120,II,12531258,12532977
WBGene00044031,F49C5.9,II,12542754,12544633
WBGene00005040,sra-14,II,12885275,12888597
WBGene00012993,dmsr-3,II,13340648,13356192
WBGene00010071,sre-45,II,13517912,13522925
WBGene00044084,sre-46,II,13718185,13721318
WBGene00012329,sre-44,II,13949590,13951923
WBGene00012333,sre-43,II,13966534,13969079
WBGene00012724,sre-48,II,13977164,13979883
WBGene00012725,sre-47,II,13983397,13984651
WBGene00005264,srh-41,II,14285754,14287377
WBGene00005265,srh-42,II,14287632,14289068
WBGene00013222,dmsr-6,II,14455632,14464911
WBGene00007997,sre-13,II,14634574,14636837
WBGene00013187,npr-34,II,14734426,14739243
WBGene00012181,srt-11,II,14805986,14808087
WBGene00019183,npr-30,III,3321,11947
WBGene00016222,C29F9.8,III,96783,97118
WBGene00077531,F40G9.15,III,182380,183015
WBGene00021124,W10C4.1,III,201163,207123
WBGene00022483,srz-8,III,1255551,1256931
WBGene00022481,srz-9,III,1263992,1265370
WBGene00005141,srd-64,III,1692081,1695106
WBGene00004779,ser-4,III,1723194,1733103
WBGene00005143,srd-66,III,1980823,1982647
WBGene00021439,ckr-2,III,2009302,2021589
WBGene00005142,srd-65,III,2222464,2224000
WBGene00016519,srz-56,III,2240771,2243843
WBGene00005144,srd-67,III,2244165,2245827
WBGene00005146,srd-69,III,2362948,2366278
WBGene00008286,C54C6.4,III,3553649,3556627
WBGene00012084,npr-15,III,3683253,3685808
WBGene00005170,srg-13,III,4672249,4674207
WBGene00005168,srg-10,III,4677766,4679663
WBGene00005169,srg-11,III,4680013,4681562
WBGene00021310,Y32H12A.1,III,5362209,5364515
WBGene00005166,srg-8,III,6253553,6254837
WBGene00005167,srg-9,III,6255459,6256775
WBGene00005159,srg-1,III,6256948,6258362
WBGene00005160,srg-2,III,6258590,6260215
WBGene00005162,srg-4,III,6259653,6262085
WBGene00005163,srg-5,III,6262323,6264547
WBGene00005164,srg-6,III,6264460,6266011
WBGene00005165,srg-7,III,6266510,6268159
WBGene00005161,srg-3,III,6269081,6270377
WBGene00001518,gar-2,III,6309364,6320872
WBGene00005076,srb-11,III,6491368,6492907
WBGene00015637,srxa-5,III,6532947,6533819
WBGene00005263,srh-40,III,6610822,6612263
WBGene00015735,pdfr-1,III,6632837,6652083
WBGene00005712,srv-1,III,6850385,6853203
WBGene00005073,srb-8,III,7171857,7173590
WBGene00005072,srb-7,III,7177530,7178853
WBGene00194726,R13A5.15,III,7586775,7588312
WBGene00015559,npr-17,III,7990715,7996453
WBGene00016242,C30A5.10,III,8205124,8209846
WBGene00014035,seb-2,III,8944658,8952955
WBGene00010315,F59B2.13,III,9023944,9035304
WBGene00013848,npr-29,III,9208236,9215467
WBGene00005936,srx-45,III,9303873,9306696
WBGene00006576,tkr-1,III,9383789,9387709
WBGene00011219,srxa-10,III,9795271,9796548
WBGene00011816,srt-55,III,10104841,10106490
WBGene00012962,dmsr-5,III,10992044,10995256
WBGene00006287,str-261,III,11074536,11077494
WBGene00006273,str-246,III,11077704,11079446
WBGene00007701,srd-74,III,11782112,11784074
WBGene00013551,Y75B8A.16,III,12218990,12223936
WBGene00005757,srw-10,III,12755348,12756613
WBGene00005756,srw-9,III,12757667,12759619
WBGene00005487,srh-282,IV,272315,273263
WBGene00015998,srt-59,IV,599449,601695
WBGene00044460,Y55F3C.10,IV,717925,719451
WBGene00021951,srt-24,IV,728500,731037
WBGene00021947,srt-23,IV,756721,759084
WBGene00005903,srx-12,IV,1045983,1049506
WBGene00005905,srx-14,IV,1111462,1113738
WBGene00005904,srx-13,IV,1114697,1118666
WBGene00044464,Y77E11A.16,IV,1485422,1489839
WBGene00019367,K03H6.1,IV,1523718,1526599
WBGene00019370,K03H6.5,IV,1527117,1566194
WBGene00021511,Y41D4B.1,IV,1672698,1676366
WBGene00021524,Y41D4B.24,IV,1676616,1682166
WBGene00021510,frpr-19,IV,1775183,1803989
WBGene00022086,sprr-3,IV,2542301,2549941
WBGene00043061,Y54G2A.38,IV,2759463,2762083
WBGene00235350,Y54G2A.77,IV,2762680,2765612
WBGene00021897,ser-6,IV,2960098,2964401
WBGene00015411,srz-60,IV,3428900,3430060
WBGene00015417,C04C3.7,IV,3432872,3433487
WBGene00021033,srz-32,IV,3436319,3437878
WBGene00019051,srz-23,IV,3453608,3454788
WBGene00023475,srz-69,IV,3475646,3477224
WBGene00015656,srz-70,IV,3477392,3479011
WBGene00023474,srz-37,IV,3480011,3481860
WBGene00023463,srz-82,IV,3482895,3484706
WBGene00015653,srz-78,IV,3491777,3493216
WBGene00015652,srz-79,IV,3493610,3495179
WBGene00023462,srz-83,IV,3504444,3506115
WBGene00015036,sre-5,IV,3565201,3567843
WBGene00023478,srz-62,IV,3900504,3902326
WBGene00018973,srz-20,IV,3915610,3916901
WBGene00018972,srz-19,IV,3919806,3921613
WBGene00005430,srh-220,IV,3976429,3978015
WBGene00005432,srh-222,IV,3979825,3981205
WBGene00005433,srh-223,IV,3981901,3983609
WBGene00044092,srbc-71,IV,4223857,4225946
WBGene00017935,srbc-70,IV,4226858,4228017
WBGene00005715,srv-4,IV,4285403,4288432
WBGene00006228,str-185,IV,4427713,4429782
WBGene00022675,gbb-2,IV,4488937,4506746
WBGene00005842,srw-95,IV,4812075,4814029
WBGene00005841,srw-94,IV,4814485,4817316
WBGene00006217,str-173,IV,4862185,4864103
WBGene00006216,str-172,IV,4864978,4867659
WBGene00006219,str-175,IV,4868609,4870646
WBGene00006218,str-174,IV,4872267,4874703
WBGene00006214,str-170,IV,4877402,4880315
WBGene00006211,str-166,IV,4884296,4886862
WBGene00006206,str-161,IV,4902422,4904061
WBGene00006204,str-159,IV,4909339,4910962
WBGene00006202,str-156,IV,4913390,4914866
WBGene00006201,str-155,IV,4915989,4917553
WBGene00006203,str-158,IV,4918074,4919632
WBGene00006199,str-153,IV,4934403,4936741
WBGene00006212,str-168,IV,4939315,4941514
WBGene00021177,Y9C9A.5,IV,4941981,4944588
WBGene00006213,str-169,IV,4946071,4948535
WBGene00006208,str-163,IV,4954187,4958206
WBGene00006209,str-164,IV,4960735,4963147
WBGene00017113,srz-24,IV,4979812,4981127
WBGene00006207,str-162,IV,4992389,4993857
WBGene00005639,srm-2,IV,5008678,5010789
WBGene00005638,srm-1,IV,5012541,5014785
WBGene00006428,tkr-3,IV,5112929,5122095
WBGene00021152,mgl-3,IV,5423576,5450802
WBGene00044125,srsx-16,IV,5615408,5619743
WBGene00044124,srsx-15,IV,5622063,5623818
WBGene00016543,srsx-14,IV,5624855,5627156
WBGene00005090,srd-12,IV,5628792,5630239
WBGene00005091,srd-13,IV,5633818,5635651
WBGene00005086,srd-8,IV,5643358,5645614
WBGene00005083,srd-5,IV,5672633,5674542
WBGene00005728,srv-17,IV,5867689,5870172
WBGene00005730,srv-19,IV,5871976,5873925
WBGene00005732,srv-21,IV,5876092,5877346
WBGene00005733,srv-22,IV,5878470,5879953
WBGene00016761,tkr-2,IV,6202069,6205891
WBGene00005739,srv-28,IV,6261058,6263344
WBGene00005740,srv-29,IV,6264894,6266599
WBGene00005741,srv-30,IV,6267457,6269446
WBGene00005742,srv-31,IV,6269773,6272023
WBGene00005743,srv-32,IV,6279960,6282243
WBGene00005744,ops-1,IV,6282931,6284387
WBGene00005735,srv-24,IV,6288364,6290841
WBGene00005738,srv-27,IV,6296279,6298347
WBGene00005737,srv-26,IV,6299273,6301864
WBGene00005736,srv-25,IV,6302159,6303742
WBGene00005724,srv-13,IV,6405171,6408259
WBGene00020069,R13H7.2,IV,6846065,6859370
WBGene00005911,srx-20,IV,6868091,6869137
WBGene00005910,srx-19,IV,6873258,6874774
WBGene00020689,npr-12,IV,6928928,6937648
WBGene00005941,srx-50,IV,7057977,7059911
WBGene00005205,srg-48,IV,7072410,7073625
WBGene00005207,srg-50,IV,7074030,7075163
WBGene00006113,str-48,IV,7122005,7124035
WBGene00006251,str-220,IV,7169931,7171322
WBGene00006069,str-1,IV,7173789,7175008
WBGene00006109,str-44,IV,7177187,7178423
WBGene00006276,str-249,IV,7185283,7186856
WBGene00018344,npr-27,IV,7305625,7308447
WBGene00016842,npr-35,IV,7743487,7746086
WBGene00020288,srt-73,IV,7879317,7881055
WBGene00019019,frpr-10,IV,7961889,7973481
WBGene00018073,F35H10.10,IV,8307294,8312946
WBGene00005670,sru-7,IV,8492542,8494520
WBGene00022004,npr-22,IV,8559432,8563161
WBGene00019231,H23L24.4,IV,8702884,8705606
WBGene00005698,sru-35,IV,8788449,8790244
WBGene00010153,srxa-2,IV,9423395,9424415
WBGene00005665,sru-2,IV,9486272,9487570
WBGene00005664,sru-1,IV,9488622,9490286
WBGene00005669,sru-6,IV,9490620,9491991
WBGene00005666,sru-3,IV,9496606,9497888
WBGene00005667,sru-4,IV,9498388,9499588
WBGene00003808,npr-2,IV,9568828,9582304
WBGene00010273,srm-3,IV,9649043,9650547
WBGene00011745,sre-4,IV,9780955,9784789
WBGene00005723,srv-12,IV,10051286,10053650
WBGene00008489,srb-17,IV,10454432,10457237
WBGene00005085,srd-7,IV,10785090,10786831
WBGene00005531,sri-19,IV,10958372,10961208
WBGene00006071,str-3,IV,11098448,11100371
WBGene00006459,tag-89,IV,11394537,11396818
WBGene00007006,npr-3,IV,11459984,11463199
WBGene00010448,K01A6.6,IV,11735323,11742305
WBGene00005591,srj-1,IV,11963910,11965427
WBGene00012705,sre-18,IV,12227910,12229779
WBGene00012707,sre-16,IV,12234085,12236111
WBGene00012708,sre-19,IV,12237175,12238951
WBGene00012709,sre-15,IV,12241363,12244806
WBGene00016579,sre-14,IV,12259794,12261453
WBGene00005689,sru-26,IV,12487579,12489721
WBGene00005683,sru-20,IV,12496065,12497844
WBGene00005682,sru-19,IV,12498538,12500413
WBGene00005681,sru-18,IV,12502256,12504126
WBGene00005680,sru-17,IV,12505697,12507381
WBGene00005676,sru-13,IV,12521239,12522621
WBGene00007865,srz-15,IV,12915779,12917293
WBGene00013375,srsx-25,IV,13365169,13368435
WBGene00005088,srd-10,IV,13575033,13576795
WBGene00005679,sru-16,IV,13579253,13582112
WBGene00005675,sru-12,IV,13583209,13584479
WBGene00005674,sru-11,IV,13584946,13587288
WBGene00005672,sru-9,IV,13588993,13590337
WBGene00005684,sru-21,IV,13626769,13632697
WBGene00007456,srz-29,IV,13644463,13645923
WBGene00005810,srw-63,IV,14014024,14015944
WBGene00010388,srz-42,IV,14129391,14131061
WBGene00010394,srz-59,IV,14132070,14134330
WBGene00010389,srz-31,IV,14137363,14140294
WBGene00013417,srab-24,IV,14245439,14250213
WBGene00005285,srh-63,IV,14523868,14525197
WBGene00012088,T27E7.3,IV,14529018,14530809
WBGene00012089,T27E7.4,IV,14533518,14535067
WBGene00012093,T27E7.9,IV,14546867,14549408
WBGene00013335,Y57G11C.46,IV,14813091,14816388
WBGene00014924,Y57G11C.28,IV,14929721,14931931
WBGene00014926,Y57G11C.30,IV,14938896,14941898
WBGene00012770,srt-47,IV,15049411,15053371
WBGene00012773,srt-48,IV,15065866,15068918
WBGene00012775,srt-50,IV,15074692,15088581
WBGene00012772,srt-49,IV,15092881,15098376
WBGene00010950,srt-44,IV,15103629,15106483
WBGene00005208,srg-51,IV,15139101,15140932
WBGene00006138,str-78,IV,15143773,15147204
WBGene00005101,srd-23,IV,15179922,15182953
WBGene00005056,sra-30,IV,15192299,15203023
WBGene00005625,srj-42,IV,15250152,15252257
WBGene00013642,daf-38,IV,15820052,15825623
WBGene00005725,srv-14,IV,15891707,15894229
WBGene00005726,srv-15,IV,15906582,15910091
WBGene00005727,srv-16,IV,15931822,15933914
WBGene00005722,srv-11,IV,16219652,16221659
WBGene00005808,srw-61,IV,16236732,16238655
WBGene00023517,srz-75,IV,16286655,16287825
WBGene00023514,srz-72,IV,16299151,16300272
WBGene00010530,srz-61,IV,16321166,16323195
WBGene00043052,srz-104,IV,16323673,16324973
WBGene00044587,srz-105,IV,16324889,16326601
WBGene00010527,srz-74,IV,16329459,16331059
WBGene00023513,srz-71,IV,16332885,16334461
WBGene00023508,srz-38,IV,16335337,16336503
WBGene00045101,C35D6.13,IV,16337021,16338502
WBGene00005436,srh-228,IV,16339665,16341374
WBGene00005435,srh-227,IV,16342490,16344199
WBGene00013812,Y116A8C.40,IV,17144355,17150971
WBGene00013782,npr-32,IV,17226014,17231056
WBGene00006229,str-187,IV,17265579,17266926
WBGene00005678,sru-15,IV,17396210,17397491
WBGene00011372,npr-26,IV,17408231,17417794
WBGene00021413,srt-52,V,49956,56046
WBGene00005303,srh-82,V,145194,146931
WBGene00005299,srh-78,V,217147,219513
WBGene00005301,srh-80,V,219932,222776
WBGene00006172,str-121,V,252326,254691
WBGene00021983,npr-5,V,276984,281718
WBGene00005284,srh-62,V,401688,403128
WBGene00005256,srh-33,V,441820,443293
WBGene00005257,srh-34,V,444893,446674
WBGene00005258,srh-35,V,447569,449230
WBGene00019745,srbc-57,V,467567,468560
WBGene00019740,srt-31,V,472889,474631
WBGene00006233,str-196,V,491732,493641
WBGene00006282,str-256,V,499770,501330
WBGene00005260,srh-37,V,511194,512520
WBGene00005854,srw-107,V,519852,521617
WBGene00005855,srw-108,V,527902,528869
WBGene00005899,srx-8,V,554374,556155
WBGene00005898,srx-7,V,560195,562956
WBGene00005585,sri-73,V,564391,566084
WBGene00005584,sri-72,V,566719,568205
WBGene00005856,srw-109,V,606781,608944
WBGene00018617,srt-17,V,623298,625022
WBGene00005621,srj-37,V,638628,639928
WBGene00005593,srj-5,V,651837,653040
WBGene00005594,srj-6,V,653303,654502
WBGene00005451,srh-245,V,654727,655923
WBGene00005452,srh-246,V,656499,657778
WBGene00005472,srh-266,V,664797,665923
WBGene00005687,sru-24,V,667896,671442
WBGene00005688,sru-25,V,672245,674313
WBGene00005912,srx-21,V,677034,678920
WBGene00005913,srx-22,V,679963,681465
WBGene00005914,srx-23,V,682331,683970
WBGene00005895,srx-4,V,690875,692770
WBGene00005632,srj-53,V,693541,694725
WBGene00005631,srj-52,V,695326,696014
WBGene00005896,srx-5,V,700079,701669
WBGene00021708,srbc-37,V,702560,703745
WBGene00021707,srbc-38,V,707218,708453
WBGene00021706,srbc-39,V,709108,710566
WBGene00019242,srbc-40,V,715833,719831
WBGene00005228,srh-2,V,728301,734298
WBGene00005613,srj-25,V,734420,736271
WBGene00005612,srj-24,V,736803,738870
WBGene00006182,str-134,V,743648,745475
WBGene00005516,sri-4,V,748344,750467
WBGene00006288,str-262,V,751326,752779
WBGene00006087,str-20,V,756469,757892
WBGene00006266,str-238,V,765032,772585
WBGene00019982,srbc-58,V,774995,777272
WBGene00019981,srbc-59,V,778639,780223
WBGene00044091,srbc-60,V,780299,781803
WBGene00020060,srab-16,V,782732,784763
WBGene00020057,R13D11.3,V,815016,816873
WBGene00020056,R13D11.1,V,817482,818733
WBGene00005923,srx-32,V,819486,820729
WBGene00005922,srx-31,V,821784,823022
WBGene00018313,F41H8.2,V,826397,828856
WBGene00018312,F41H8.1,V,833668,835504
WBGene00044778,K09C6.10,V,839421,839934
WBGene00019559,srbc-13,V,847821,848858
WBGene00019558,srbc-12,V,849812,851332
WBGene00005210,srg-53,V,879793,881693
WBGene00005622,srj-38,V,882176,884424
WBGene00019625,K10C9.4,V,1050126,1053014
WBGene00006129,str-67,V,1062588,1064591
WBGene00005611,srj-23,V,1451634,1454340
WBGene00005690,sru-27,V,1499440,1500666
WBGene00005691,sru-28,V,1506295,1508096
WBGene00006268,str-240,V,1520343,1521945
WBGene00006270,str-243,V,1522785,1524224
WBGene00006265,str-236,V,1526467,1528085
WBGene00018709,srsx-8,V,1551044,1553102
WBGene00017511,srbc-41,V,1612803,1614826
WBGene00006253,str-222,V,1636159,1639281
WBGene00006252,str-221,V,1640308,1642287
WBGene00005845,srw-98,V,1676474,1678328
WBGene00005838,srw-91,V,1679208,1680870
WBGene00005229,srh-3,V,1682579,1685089
WBGene00005231,srh-5,V,1685628,1686864
WBGene00005837,srw-90,V,1702051,1704053
WBGene00005846,srw-99,V,1708741,1710663
WBGene00005847,srw-100,V,1711209,1715399
WBGene00005850,srw-103,V,1717243,1719464
WBGene00005849,srw-102,V,1720227,1721973
WBGene00005848,srw-101,V,1722266,1725261
WBGene00005539,sri-27,V,1725653,1727632
WBGene00006205,str-160,V,1734869,1736767
WBGene00022807,srab-25,V,1738927,1741157
WBGene00005410,srh-199,V,1750001,1751549
WBGene00018114,srt-41,V,1799726,1808431
WBGene00021599,srt-42,V,1807457,1809468
WBGene00005603,srj-15,V,1962815,1964906
WBGene00019091,srab-13,V,2024703,2027887
WBGene00021488,srab-23,V,2033792,2035645
WBGene00021490,Y40B10A.5,V,2043240,2046253
WBGene00268198,F22F7.12,V,2144020,2144508
WBGene00006117,str-52,V,2145485,2146144
WBGene00016693,srbc-20,V,2147095,2148626
WBGene00016692,srbc-24,V,2151762,2153010
WBGene00016691,srbc-23,V,2153574,2155799
WBGene00016689,srbc-21,V,2155532,2156635
WBGene00016690,srbc-22,V,2157130,2158274
WBGene00006281,str-255,V,2161500,2163835
WBGene00016696,srbc-19,V,2164788,2166779
WBGene00044087,C45H4.18,V,2175542,2177503
WBGene00016687,srbc-17,V,2177714,2179116
WBGene00016685,srbc-16,V,2182038,2183191
WBGene00021166,srbc-42,V,2189586,2191222
WBGene00021169,srt-40,V,2205030,2206281
WBGene00006279,str-253,V,2252772,2254603
WBGene00044099,srd-75,V,2394485,2396635
WBGene00021217,Y19D10A.2,V,2401357,2404989
WBGene00021228,str-265,V,2406107,2407314
WBGene00021216,Y19D10A.1,V,2409251,2413492
WBGene00044735,Y19D10A.17,V,2414154,2416011
WBGene00005137,srd-60,V,2419081,2421583
WBGene00005148,srd-71,V,2423287,2426206
WBGene00006170,str-119,V,2426479,2428124
WBGene00006171,str-120,V,2431805,2434725
WBGene00015730,srt-1,V,2435725,2437784
WBGene00018915,str-267,V,2449518,2452460
WBGene00005138,srd-61,V,2502764,2504914
WBGene00006284,str-258,V,2509636,2513268
WBGene00006136,str-76,V,2514234,2515593
WBGene00006283,str-257,V,2517530,2521771
WBGene00021571,srbc-81,V,2522433,2524290
WBGene00021570,srd-73,V,2527360,2529862
WBGene00021572,srd-72,V,2531566,2534485
WBGene00021573,Y45G12C.10,V,2534758,2536409
WBGene00021569,Y45G12C.6,V,2540084,2543004
WBGene00021568,srt-2,V,2544004,2546063
WBGene00006200,str-154,V,2557797,2560739
WBGene00005607,srj-19,V,2568876,2570743
WBGene00005608,srj-20,V,2571527,2573208
WBGene00016232,srt-4,V,2577903,2579816
WBGene00005477,srh-271,V,2618950,2621979
WBGene00206511,W02H5.16,V,2626166,2630091
WBGene00194896,W02H5.11,V,2631715,2638476
WBGene00016049,srt-28,V,2712034,2713632
WBGene00016050,srt-29,V,2717395,2719135
WBGene00016051,srt-27,V,2719696,2720863
WBGene00005217,srg-60,V,2721290,2722655
WBGene00005216,srg-59,V,2722903,2725325
WBGene00006081,str-13,V,2725902,2727201
WBGene00006099,str-33,V,2728536,2730243
WBGene00005214,srg-57,V,2732177,2734460
WBGene00005213,srg-56,V,2735531,2738274
WBGene00005218,srg-61,V,2739163,2740280
WBGene00005219,srg-62,V,2740444,2742398
WBGene00005915,srx-24,V,2748152,2750106
WBGene00005917,srx-26,V,2751256,2753107
WBGene00005919,srx-28,V,2755701,2757276
WBGene00005215,srg-58,V,2758174,2759556
WBGene00005279,srh-56,V,2771860,2773519
WBGene00005606,srj-18,V,2774342,2776258
WBGene00018826,srt-34,V,2816883,2818217
WBGene00005259,srh-36,V,2819581,2821668
WBGene00005749,srw-2,V,2830878,2832554
WBGene00005629,srj-50,V,2832966,2834921
WBGene00005627,srj-45,V,2835411,2836601
WBGene00005626,srj-44,V,2844563,2845871
WBGene00005628,srj-49,V,2846250,2848340
WBGene00005635,srj-57,V,2854393,2855573
WBGene00005634,srj-55,V,2856082,2857942
WBGene00005633,srj-54,V,2858660,2859838
WBGene00005476,srh-270,V,2860130,2861605
WBGene00005478,srh-272,V,2863333,2865001
WBGene00005447,srh-240,V,2865199,2867284
WBGene00005448,srh-241,V,2867792,2869603
WBGene00005449,srh-243,V,2870427,2872106
WBGene00006104,str-39,V,2877804,2879901
WBGene00018139,sre-24,V,2884711,2886425
WBGene00005751,srw-4,V,2887191,2888781
WBGene00005344,srh-127,V,2893276,2895584
WBGene00006111,str-46,V,2898436,2899967
WBGene00005362,srh-146,V,2914248,2916172
WBGene00005261,srh-38,V,2920600,2922694
WBGene00044602,C31B8.16,V,2930053,2932188
WBGene00016279,C31B8.1,V,2931552,2932988
WBGene00005453,srh-247,V,2933143,2934175
WBGene00005888,srw-141,V,2937311,2938597
WBGene00005890,srw-143,V,2939603,2941505
WBGene00005884,srw-137,V,2942571,2943959
WBGene00005308,srh-87,V,2944377,2945702
WBGene00005869,srw-122,V,2950712,2952202
WBGene00005454,srh-248,V,2954404,2955442
WBGene00005889,srw-142,V,2957016,2958302
WBGene00005891,srw-144,V,2959189,2960994
WBGene00005885,srw-138,V,2961632,2963060
WBGene00005309,srh-88,V,2963566,2964886
WBGene00005876,srw-129,V,2971949,2973485
WBGene00005870,srw-123,V,2974029,2975385
WBGene00005871,srw-124,V,2976587,2977886
WBGene00005865,srw-118,V,2978760,2980078
WBGene00005864,srw-117,V,2982152,2983451
WBGene00005886,srw-139,V,2984077,2985409
WBGene00005306,srh-85,V,2986192,2987507
WBGene00005868,srw-121,V,2990313,2991585
WBGene00005862,srw-115,V,2992622,2993916
WBGene00005867,srw-120,V,2994899,2996205
WBGene00005866,srw-119,V,2998542,2999836
WBGene00005859,srw-112,V,3004141,3006064
WBGene00005883,srw-136,V,3008907,3010568
WBGene00005882,srw-135,V,3010927,3011494
WBGene00005755,srw-8,V,3032639,3034336
WBGene00006271,str-244,V,3057699,3059096
WBGene00016856,srt-15,V,3059640,3062178
WBGene00016857,srt-16,V,3063160,3064518
WBGene00005400,srh-185,V,3066228,3067497
WBGene00006105,str-40,V,3068135,3069201
WBGene00016859,srt-5,V,3079449,3080892
WBGene00016852,srt-7,V,3081771,3083247
WBGene00016850,srt-8,V,3086560,3087986
WBGene00006128,str-66,V,3103128,3104234
WBGene00006131,str-69,V,3104790,3105910
WBGene00006130,str-68,V,3106228,3107550
WBGene00022266,srt-56,V,3120282,3121843
WBGene00016475,srab-9,V,3139931,3141290
WBGene00016476,srab-10,V,3143094,3144594
WBGene00016477,srab-11,V,3145203,3147032
WBGene00016479,srab-6,V,3150488,3151962
WBGene00016480,srab-7,V,3153485,3155172
WBGene00016472,srbc-6,V,3170138,3171408
WBGene00016471,srab-8,V,3176461,3177978
WBGene00006084,str-16,V,3236875,3240609
WBGene00005599,srj-11,V,3241424,3242636
WBGene00005595,srj-7,V,3245003,3246722
WBGene00005596,srj-8,V,3247815,3249140
WBGene00020874,srbc-5,V,3260375,3262082
WBGene00006127,str-64,V,3283257,3284930
WBGene00006013,srx-122,V,3296108,3297864
WBGene00018058,srbc-1,V,3298885,3301998
WBGene00018053,srbc-3,V,3308469,3309689
WBGene00006126,str-63,V,3351566,3352773
WBGene00006012,srx-121,V,3370942,3372773
WBGene00015438,srbc-2,V,3374362,3377073
WBGene00020623,srab-21,V,3422949,3424441
WBGene00020608,srab-22,V,3426376,3427733
WBGene00020607,srab-20,V,3428997,3430433
WBGene00005597,srj-9,V,3432259,3433658
WBGene00015315,srbc-29,V,3469445,3470882
WBGene00044089,srbc-31,V,3476405,3477596
WBGene00015316,srbc-30,V,3478031,3480446
WBGene00044090,srbc-33,V,3482960,3484802
WBGene00015317,srbc-32,V,3485549,3486957
WBGene00015318,srbc-36,V,3489228,3490535
WBGene00006256,str-225,V,3507822,3509251
WBGene00006259,str-228,V,3510178,3512038
WBGene00006257,str-226,V,3512681,3514343
WBGene00006258,str-227,V,3518189,3519801
WBGene00006286,str-260,V,3527182,3530413
WBGene00020746,srbc-66,V,3530703,3532380
WBGene00020749,srbc-67,V,3538929,3540329
WBGene00020752,srbc-68,V,3545677,3546617
WBGene00005877,srw-130,V,3546969,3548898
WBGene00005533,sri-21,V,3549853,3551269
WBGene00005423,srh-213,V,3592738,3595036
WBGene00005422,srh-212,V,3594646,3597152
WBGene00005984,srx-93,V,3619459,3620708
WBGene00019098,F59B1.4,V,3624445,3627044
WBGene00019099,F59B1.6,V,3629473,3631691
WBGene00005932,srx-41,V,3634564,3637179
WBGene00006165,str-114,V,3649773,3651457
WBGene00006164,str-113,V,3664871,3666987
WBGene00006096,str-30,V,3725072,3726775
WBGene00019966,srt-30,V,3798605,3800478
WBGene00005754,srw-7,V,3806261,3807752
WBGene00005753,srw-6,V,3808636,3810708
WBGene00015898,sre-9,V,3894961,3898208
WBGene00006260,str-229,V,3900497,3902558
WBGene00005404,srh-190,V,3903107,3904545
WBGene00005959,srx-68,V,3912772,3914491
WBGene00005958,srx-67,V,3917419,3918446
WBGene00005957,srx-66,V,3919589,3920825
WBGene00005956,srx-65,V,3921935,3922964
WBGene00005955,srx-64,V,3929399,3930678
WBGene00005954,srx-63,V,3931626,3933394
WBGene00006274,str-247,V,3954039,3955460
WBGene00006141,str-82,V,3974661,3976264
WBGene00006142,str-83,V,3977264,3978811
WBGene00005953,srx-62,V,3994780,3995938
WBGene00005234,srh-8,V,4005567,4007517
WBGene00005233,srh-7,V,4008227,4009818
WBGene00005230,srh-4,V,4010470,4011966
WBGene00005836,srw-89,V,4017080,4019026
WBGene00005385,srh-169,V,4047841,4049354
WBGene00005421,srh-211,V,4078061,4081383
WBGene00018190,F38H12.5,V,4081228,4083052
WBGene00005624,srj-40,V,4101867,4103893
WBGene00005623,srj-39,V,4104598,4106244
WBGene00005881,srw-134,V,4110634,4112616
WBGene00005880,srw-133,V,4113335,4114727
WBGene00005415,srh-204,V,4239150,4240392
WBGene00017107,srt-12,V,4240952,4242531
WBGene00022528,srt-13,V,4247969,4250147
WBGene00022529,srt-14,V,4253502,4256574
WBGene00018554,srt-3,V,4257957,4260190
WBGene00018555,srt-35,V,4261485,4264616
WBGene00018556,srt-36,V,4266375,4268313
WBGene00018557,srt-38,V,4269455,4271358
WBGene00018558,srt-20,V,4276034,4278691
WBGene00018559,srt-37,V,4279848,4281799
WBGene00018552,srt-19,V,4285037,4287203
WBGene00005406,srh-193,V,4288412,4290193
WBGene00005407,srh-194,V,4291836,4293525
WBGene00206392,F47D2.11,V,4294156,4296020
WBGene00269432,ZC132.11,V,4296716,4298111
WBGene00022522,ZC132.3,V,4298526,4299841
WBGene00005405,srh-192,V,4311993,4315157
WBGene00019224,gnrr-5,V,4451043,4454740
WBGene00006101,str-35,V,4474843,4476996
WBGene00005965,srx-74,V,4658949,4662500
WBGene00005964,srx-73,V,4663616,4665751
WBGene00005968,srx-77,V,4666745,4668736
WBGene00022584,ZC266.1,V,4694972,4700289
WBGene00005110,srd-32,V,4865648,4870387
WBGene00005111,srd-33,V,4872292,4874259
WBGene00006098,str-32,V,4879945,4881477
WBGene00005248,srh-23,V,4921102,4922616
WBGene00005247,srh-22,V,4922324,4924594
WBGene00005245,srh-20,V,4924918,4926210
WBGene00005246,srh-21,V,4926671,4928257
WBGene00006238,str-205,V,4928278,4929942
WBGene00006244,str-211,V,4943116,4944319
WBGene00006242,str-209,V,4948935,4951024
WBGene00006240,str-207,V,4951734,4953035
WBGene00006241,str-208,V,4956829,4958572
WBGene00017845,srsx-9,V,4971770,4973043
WBGene00044117,srsx-10,V,4973314,4974777
WBGene00015736,srsx-11,V,4977934,4979160
WBGene00015737,srsx-12,V,4979947,4980973
WBGene00015738,srsx-13,V,4981809,4983191
WBGene00005659,srr-8,V,5001686,5003345
WBGene00005657,srr-6,V,5012994,5015213
WBGene00005655,srr-4,V,5019218,5022462
WBGene00015446,srab-1,V,5100098,5102117
WBGene00015447,srab-2,V,5103042,5105034
WBGene00015448,srab-3,V,5105764,5107916
WBGene00005346,srh-129,V,5142262,5143875
WBGene00005347,srh-130,V,5151180,5153067
WBGene00005929,srx-38,V,5153906,5155616
WBGene00005930,srx-39,V,5156653,5157760
WBGene00005887,srw-140,V,5165726,5167241
WBGene00015367,srt-64,V,5168275,5169686
WBGene00015069,srt-67,V,5256142,5257458
WBGene00005183,srg-26,V,5331267,5333055
WBGene00005185,srg-28,V,5334888,5336329
WBGene00005186,srg-29,V,5337184,5339013
WBGene00005184,srg-27,V,5339797,5341309
WBGene00005182,srg-25,V,5342094,5345519
WBGene00005087,srd-9,V,5351783,5353067
WBGene00016428,dmsr-7,V,5405358,5408386
WBGene00005224,srg-67,V,5461528,5462994
WBGene00005225,srg-68,V,5463791,5465435
WBGene00005223,srg-66,V,5480750,5482415
WBGene00005222,srg-65,V,5483086,5484966
WBGene00006008,srx-117,V,5644471,5646311
WBGene00005297,srh-76,V,5833831,5835183
WBGene00005094,srd-16,V,5898538,5900040
WBGene00005093,srd-15,V,5904917,5906352
WBGene00015419,srsx-18,V,5922536,5924297
WBGene00019032,srsx-17,V,5927647,5930417
WBGene00189957,M03F8.7,V,5936939,5939188
WBGene00005098,srd-20,V,6055589,6056743
WBGene00005236,srh-10,V,6065507,6067140
WBGene00006239,str-206,V,6218134,6219562
WBGene00005640,srn-1,V,6284920,6286434
WBGene00020424,T10H9.1,V,6649617,6652355
WBGene00006224,str-180,V,6667286,6668841
WBGene00005187,srg-30,V,6716805,6718297
WBGene00005253,srh-30,V,6769634,6771704
WBGene00005251,srh-28,V,6774261,6775633
WBGene00022606,dmsr-9,V,6798151,6799664
WBGene00022604,dmsr-10,V,6800724,6801950
WBGene00022605,dmsr-11,V,6802412,6804096
WBGene00019262,dmsr-12,V,6804512,6806440
WBGene00194821,dmsr-16,V,6807762,6809062
WBGene00020523,dmsr-14,V,6815666,6817284
WBGene00020524,dmsr-13,V,6817890,6819912
WBGene00020525,dmsr-15,V,6827071,6828886
WBGene00020586,frpr-18,V,6870304,6873812
WBGene00005188,srg-31,V,6950847,6953897
WBGene00005950,srx-59,V,6971867,6973149
WBGene00005907,srx-16,V,6976347,6977387
WBGene00020333,sre-12,V,6977754,6979116
WBGene00016363,srab-4,V,7004150,7005880
WBGene00005874,srw-127,V,7012917,7014412
WBGene00017615,srsx-32,V,7017359,7018851
WBGene00005924,srx-33,V,7117452,7118896
WBGene00005925,srx-34,V,7119063,7120268
WBGene00005927,srx-36,V,7129707,7131074
WBGene00017330,sre-10,V,7132548,7133856
WBGene00006163,str-112,V,7136327,7138417
WBGene00006237,str-204,V,7159691,7161016
WBGene00005304,srh-83,V,7164510,7165895
WBGene00005617,srj-32,V,7296258,7297363
WBGene00005897,srx-6,V,7311726,7313333
WBGene00005983,srx-92,V,7324038,7325385
WBGene00005402,srh-187,V,7338593,7339931
WBGene00005450,srh-244,V,7344061,7345234
WBGene00005439,srh-231,V,7350881,7352236
WBGene00005480,srh-275,V,7353003,7354254
WBGene00235116,C03G6.21,V,7356024,7356784
WBGene00005602,srj-14,V,7369714,7372131
WBGene00005947,srx-56,V,7374390,7375594
WBGene00015401,srsx-24,V,7377897,7379484
WBGene00005900,srx-9,V,7393550,7395459
WBGene00005951,srx-60,V,7400888,7402192
WBGene00005601,srj-13,V,7402655,7403910
WBGene00020055,srt-6,V,7407547,7408814
WBGene00006106,str-41,V,7411995,7413059
WBGene00005814,srw-67,V,7417660,7419828
WBGene00017564,srxa-4,V,7420462,7421713
WBGene00017566,F18E3.10,V,7423573,7424436
WBGene00005815,srw-68,V,7425259,7426694
WBGene00005816,srw-69,V,7427326,7428980
WBGene00005818,srw-71,V,7429339,7431116
WBGene00005313,srh-92,V,7459685,7460998
WBGene00005310,srh-89,V,7463453,7464796
WBGene00006094,str-28,V,7471651,7472915
WBGene00005342,srh-125,V,7475626,7476866
WBGene00006231,str-190,V,7477290,7478504
WBGene00015962,srbc-8,V,7483332,7485100
WBGene00015961,srbc-7,V,7486131,7487618
WBGene00015960,srbc-9,V,7487500,7490440
WBGene00015959,srbc-10,V,7491875,7493024
WBGene00015958,srbc-11,V,7493880,7495289
WBGene00005300,srh-79,V,7497740,7499128
WBGene00005437,srh-229,V,7502840,7504371
WBGene00006097,str-31,V,7506914,7508265
WBGene00016925,srb-18,V,7515245,7517307
WBGene00016928,srb-19,V,7517685,7520177
WBGene00005474,srh-268,V,7539315,7540891
WBGene00005108,srd-30,V,7629804,7631298
WBGene00005103,srd-25,V,7632032,7633172
WBGene00005109,srd-31,V,7633399,7634757
WBGene00005107,srd-29,V,7635769,7636882
WBGene00006112,str-47,V,7645754,7647069
WBGene00005441,srh-234,V,7650242,7651857
WBGene00005411,srh-200,V,7652338,7653667
WBGene00015712,sre-11,V,7681820,7683957
WBGene00022655,srsx-40,V,7701048,7703636
WBGene00005750,srw-3,V,7705616,7706955
WBGene00044551,ZK105.8,V,7724494,7726110
WBGene00005661,srr-10,V,7735619,7737024
WBGene00005660,srr-9,V,7738010,7739596
WBGene00016149,frpr-3,V,7771268,7773269
WBGene00018222,F40A3.7,V,7895630,7899861
WBGene00022406,srsx-7,V,7925783,7926920
WBGene00022405,srsx-6,V,7927084,7928451
WBGene00022404,srsx-5,V,7928960,7930337
WBGene00022408,srsx-3,V,7936144,7937252
WBGene00022409,srt-53,V,7938605,7940399
WBGene00006187,str-138,V,8058659,8060317
WBGene00006186,str-139,V,8060873,8062174
WBGene00006188,str-140,V,8065780,8067900
WBGene00006190,str-143,V,8068152,8069737
WBGene00006191,str-144,V,8070643,8072147
WBGene00006180,str-131,V,8080149,8081679
WBGene00006179,str-130,V,8089319,8090695
WBGene00006178,str-129,V,8090973,8092485
WBGene00006193,str-146,V,8093335,8095468
WBGene00006192,str-145,V,8096394,8098339
WBGene00006149,str-90,V,8103260,8107022
WBGene00017015,D1014.2,V,8143899,8145649
WBGene00006184,str-136,V,8277516,8278930
WBGene00006183,str-135,V,8279375,8282167
WBGene00005190,srg-33,V,8292064,8293516
WBGene00018180,srsx-22,V,8351671,8353085
WBGene00018179,F38E1.6,V,8360092,8362431
WBGene00006006,srx-115,V,8771899,8773781
WBGene00019448,frpr-13,V,8899056,8902407
WBGene00019445,frpr-12,V,8903044,8905392
WBGene00019444,frpr-11,V,8907196,8909444
WBGene00006143,str-84,V,8979522,8980929
WBGene00006145,str-86,V,8982387,8983704
WBGene00006144,str-85,V,8984525,8985840
WBGene00006146,str-87,V,8986574,8988204
WBGene00005892,srx-1,V,9003709,9004967
WBGene00005894,srx-3,V,9005543,9006931
WBGene00005893,srx-2,V,9009475,9010830
WBGene00005412,srh-201,V,9012199,9013865
WBGene00019850,srt-18,V,9014408,9015640
WBGene00016093,srsx-34,V,9035985,9040350
WBGene00017661,frpr-6,V,9099594,9101133
WBGene00016044,C24B5.1,V,9191610,9195886
WBGene00006221,str-177,V,9197751,9198987
WBGene00006152,str-94,V,9248031,9249306
WBGene00202511,F07C3.16,V,9254221,9257566
WBGene00005938,srx-47,V,9349987,9351332
WBGene00005937,srx-46,V,9353247,9354497
WBGene00018089,F36D4.4,V,9401805,9414518
WBGene00001053,dop-2,V,9608560,9614942
WBGene00011534,T06E4.7,V,9626404,9628143
WBGene00006230,str-188,V,9716697,9718051
WBGene00005702,sru-39,V,9803476,9804607
WBGene00005700,sru-37,V,9805461,9806600
WBGene00005692,sru-29,V,9811461,9812619
WBGene00005693,sru-30,V,9813827,9815007
WBGene00005694,sru-31,V,9816690,9817862
WBGene00006232,str-193,V,9820554,9821824
WBGene00006070,str-2,V,9822619,9824249
WBGene00005703,sru-40,V,9832646,9834000
WBGene00005701,sru-38,V,9834463,9836088
WBGene00011084,srsx-21,V,9837979,9839508
WBGene00005699,sru-36,V,9841676,9843179
WBGene00005671,sru-8,V,9843866,9846161
WBGene00011701,srab-17,V,9866628,9868411
WBGene00011702,srab-18,V,9869887,9871439
WBGene00043059,srab-26,V,9876687,9879504
WBGene00008239,fshr-1,V,9889827,9894850
WBGene00001211,egl-47,V,9899578,9907647
WBGene00005618,srj-33,V,9935548,9937535
WBGene00011570,sre-28,V,9944393,9945895
WBGene00006169,str-118,V,10052155,10053893
WBGene00010179,F57A8.4,V,10067073,10068845
WBGene00005127,srd-49,V,10094674,10096317
WBGene00007432,srxa-18,V,10119530,10120997
WBGene00044012,srxa-19,V,10121134,10122770
WBGene00008247,srsx-26,V,10148182,10150891
WBGene00008248,srsx-27,V,10150028,10152159
WBGene00008249,srsx-28,V,10152578,10154832
WBGene00008250,srsx-29,V,10154998,10156381
WBGene00008251,srsx-30,V,10158828,10160672
WBGene00006226,str-182,V,10231821,10233430
WBGene00005530,sri-18,V,10258661,10260554
WBGene00005532,sri-20,V,10368556,10369922
WBGene00007951,dmsr-8,V,10510443,10514381
WBGene00005112,srd-34,V,10547598,10549081
WBGene00005189,srg-32,V,10587167,10588794
WBGene00010375,H09F14.1,V,10612680,10615596
WBGene00005610,srj-22,V,10742466,10743749
WBGene00005609,srj-21,V,10745429,10746469
WBGene00009242,sre-6,V,10760575,10762795
WBGene00005399,srh-184,V,10796863,10798157
WBGene00009965,frpr-9,V,10992089,10994972
WBGene00005295,srh-74,V,11047220,11048778
WBGene00005296,srh-75,V,11055294,11057143
WBGene00005196,srg-39,V,11151339,11152430
WBGene00005195,srg-38,V,11152333,11155653
WBGene00005199,srg-42,V,11157090,11158047
WBGene00005198,srg-41,V,11160452,11161891
WBGene00005197,srg-40,V,11163206,11164575
WBGene00011837,srsx-33,V,11251415,11252529
WBGene00008552,srsx-31,V,11254013,11255080
WBGene00077514,F07B10.7,V,11259312,11260722
WBGene00008550,F07B10.4,V,11261161,11263125
WBGene00006167,str-116,V,11266981,11268323
WBGene00006166,str-115,V,11269091,11270426
WBGene00005270,srh-47,V,11299373,11300639
WBGene00005269,srh-46,V,11301607,11302886
WBGene00005268,srh-45,V,11303651,11304979
WBGene00006189,str-141,V,11322322,11323820
WBGene00011381,npr-25,V,11349310,11352999
WBGene00011382,dop-5,V,11362445,11366229
WBGene00010191,dmsr-1,V,11438763,11441636
WBGene00011709,T11F9.1,V,11459555,11461962
WBGene00005227,srh-1,V,11485858,11487266
WBGene00005976,srx-85,V,11552679,11554222
WBGene00005977,srx-86,V,11562943,11564508
WBGene00005978,srx-87,V,11564873,11566771
WBGene00005981,srx-90,V,11581126,11582458
WBGene00005979,srx-88,V,11583512,11585115
WBGene00005973,srx-82,V,11589733,11592931
WBGene00005971,srx-80,V,11593727,11594971
WBGene00005975,srx-84,V,11599107,11600628
WBGene00014300,D2023.1,V,11789550,11800545
WBGene00005967,srx-76,V,11891812,11893451
WBGene00005592,srj-4,V,12163206,12164535
WBGene00005082,srd-4,V,12184949,12186245
WBGene00005241,srh-16,V,12292214,12293802
WBGene00005202,srg-45,V,12307490,12308658
WBGene00005249,srh-25,V,12432365,12433817
WBGene00012242,srt-39,V,12484885,12486068
WBGene00006004,srx-113,V,12630170,12632148
WBGene00006007,srx-116,V,12670907,12672726
WBGene00010735,frpr-15,V,12680107,12692539
WBGene00006222,str-178,V,12714503,12716549
WBGene00006225,str-181,V,12716616,12718722
WBGene00008937,srt-43,V,12769268,12770964
WBGene00013907,sre-20,V,12783222,12784864
WBGene00013909,srbc-44,V,12787269,12788551
WBGene00013908,srbc-43,V,12789197,12790518
WBGene00013910,srbc-45,V,12803574,12804550
WBGene00077562,ZC443.7,V,12806490,12808277
WBGene00005113,srd-35,V,12964376,12966001
WBGene00005652,srr-1,V,13049730,13053735
WBGene00007908,C34B4.3,V,13066635,13071152
WBGene00005518,sri-6,V,13185684,13187428
WBGene00005243,srh-18,V,13318452,13320225
WBGene00005240,srh-15,V,13320984,13322355
WBGene00006102,str-37,V,13327763,13328866
WBGene00006072,str-4,V,13337991,13339718
WBGene00005203,srg-46,V,13363715,13364728
WBGene00006016,srx-125,V,13367324,13370091
WBGene00005719,srv-8,V,13418951,13420740
WBGene00005720,srv-9,V,13421140,13423147
WBGene00005721,srv-10,V,13423908,13425266
WBGene00005096,srd-18,V,13425572,13426752
WBGene00005097,srd-19,V,13427607,13428760
WBGene00005095,srd-17,V,13430651,13432714
WBGene00011693,T10G3.2,V,13477299,13479858
WBGene00011695,T10G3.4,V,13482032,13484435
WBGene00044045,R11G10.3,V,13523494,13529722
WBGene00008342,frpr-5,V,13531666,13536108
WBGene00005089,srd-11,V,13617851,13619686
WBGene00005987,srx-96,V,13711360,13713019
WBGene00006210,str-165,V,13831113,13832977
WBGene00006020,srx-129,V,13834251,13836655
WBGene00006019,srx-128,V,13837473,13838708
WBGene00005908,srx-17,V,13841146,13842481
WBGene00006021,srx-130,V,13843447,13844962
WBGene00006022,srx-131,V,13845436,13846727
WBGene00006024,srx-133,V,13848679,13849969
WBGene00006025,srx-134,V,13854878,13856476
WBGene00006027,srx-136,V,13857432,13859021
WBGene00006026,srx-135,V,13859206,13861402
WBGene00006028,srx-137,V,13862805,13864110
WBGene00011931,srsx-19,V,13887658,13889458
WBGene00007360,C06B3.1,V,13902795,13903886
WBGene00006278,str-252,V,13916496,13918051
WBGene00006277,str-250,V,13918641,13920032
WBGene00005933,srx-42,V,13921030,13922404
WBGene00044114,srxa-11,V,13924151,13925807
WBGene00044115,srxa-12,V,13926698,13929320
WBGene00044116,srxa-13,V,13929803,13931252
WBGene00011197,srw-145,V,13937150,13939617
WBGene00005901,srx-10,V,13945160,13946485
WBGene00011192,srh-24,V,13958746,13961016
WBGene00010261,srh-308,V,14015978,14017576
WBGene00005104,srd-26,V,14161459,14163009
WBGene00006261,str-230,V,14209170,14210873
WBGene00010511,sre-7,V,14244204,14246104
WBGene00009596,sre-8,V,14257113,14259231
WBGene00009603,srt-33,V,14278312,14279877
WBGene00044002,srt-74,V,14281120,14282322
WBGene00009808,srm-4,V,14333416,14334676
WBGene00044112,srm-5,V,14335201,14336712
WBGene00009810,srm-6,V,14337049,14338808
WBGene00007614,gnrr-2,V,14409074,14411999
WBGene00023515,srz-97,V,14463847,14468246
WBGene00010979,R02D5.6,V,14511635,14518086
WBGene00005204,srg-47,V,14554980,14556287
WBGene00008268,srt-32,V,14559612,14561293
WBGene00001519,gar-3,V,14564752,14579719
WBGene00005242,srh-17,V,14661305,14663547
WBGene00008142,C47E8.3,V,14680314,14683746
WBGene00013883,npr-13,V,14852825,14858603
WBGene00005211,srg-54,V,14921988,14924204
WBGene00005212,srg-55,V,14926710,14928342
WBGene00044179,C30G7.5,V,14953115,14954733
WBGene00005969,srx-78,V,15095049,15097452
WBGene00011341,T01G5.6,V,15113781,15114092
WBGene00005615,srj-27,V,15126212,15127513
WBGene00005658,srr-7,V,15128255,15129986
WBGene00006215,str-171,V,15130384,15132523
WBGene00005278,srh-55,V,15153577,15154994
WBGene00006110,str-45,V,15158991,15160546
WBGene00023506,srz-11,V,15163082,15164518
WBGene00005748,srw-1,V,15198255,15199396
WBGene00013572,Y75B12B.10,V,15200068,15201221
WBGene00008058,C41G6.12,V,15207088,15207781
WBGene00005536,sri-24,V,15212169,15213706
WBGene00005538,sri-26,V,15215475,15217007
WBGene00005537,sri-25,V,15217005,15219320
WBGene00005771,srw-24,V,15223968,15225359
WBGene00005761,srw-14,V,15225950,15227472
WBGene00005762,srw-15,V,15230543,15231893
WBGene00005760,srw-13,V,15232500,15233844
WBGene00005759,srw-12,V,15237170,15238652
WBGene00005758,srw-11,V,15239070,15240315
WBGene00005106,srd-28,V,15250604,15251671
WBGene00010798,srbc-76,V,15252382,15253291
WBGene00010797,srbc-75,V,15253829,15254805
WBGene00010802,srsx-39,V,15255132,15256769
WBGene00010800,srsx-37,V,15257581,15259149
WBGene00005769,srw-22,V,15268602,15269748
WBGene00005763,srw-16,V,15273383,15274857
WBGene00005764,srw-17,V,15275440,15277015
WBGene00005766,srw-19,V,15279782,15281395
WBGene00005942,srx-51,V,15281899,15283562
WBGene00006153,str-96,V,15292490,15293965
WBGene00005939,srx-48,V,15302371,15303725
WBGene00077588,T26H8.5,V,15304607,15305602
WBGene00012072,T26H8.4,V,15305813,15306845
WBGene00014195,srz-10,V,15307558,15309098
WBGene00014191,srt-22,V,15314668,15315927
WBGene00005499,srh-295,V,15330614,15332774
WBGene00005860,srw-113,V,15333151,15334571
WBGene00005949,srx-58,V,15352676,15357569
WBGene00005275,srh-52,V,15374900,15376323
WBGene00005340,srh-122,V,15376501,15378003
WBGene00005457,srh-251,V,15378367,15379917
WBGene00006147,str-88,V,15382439,15383839
WBGene00006157,str-102,V,15385033,15386653
WBGene00005386,srh-170,V,15386923,15388870
WBGene00005931,fbxa-199,V,15397385,15398828
WBGene00005519,sri-7,V,15400327,15401820
WBGene00005464,srh-258,V,15405159,15406760
WBGene00005463,srh-257,V,15407228,15411380
WBGene00011541,srbc-63,V,15411433,15412725
WBGene00005470,srh-264,V,15414147,15415349
WBGene00005471,srh-265,V,15416251,15417616
WBGene00005446,srh-239,V,15445737,15447381
WBGene00005780,srw-33,V,15449616,15451521
WBGene00006133,str-71,V,15457815,15459188
WBGene00005768,srw-21,V,15488064,15489401
WBGene00007370,str-264,V,15491003,15492770
WBGene00005428,srh-218,V,15493980,15495761
WBGene00005429,srh-219,V,15495469,15497567
WBGene00005481,srh-276,V,15529369,15530767
WBGene00006080,str-12,V,15610890,15612591
WBGene00006289,str-263,V,15613186,15614968
WBGene00008321,C55A1.1,V,15621818,15623077
WBGene00006275,str-248,V,15628125,15629643
WBGene00008327,srz-44,V,15637416,15638953
WBGene00006090,str-23,V,15644875,15646478
WBGene00005705,sru-42,V,15650467,15652413
WBGene00005920,srx-29,V,15696785,15698199
WBGene00012397,Y6E2A.1,V,15709578,15710501
WBGene00006156,str-101,V,15710787,15711998
WBGene00005357,srh-140,V,15722188,15723999
WBGene00006103,str-38,V,15730779,15732309
WBGene00006093,str-27,V,15734023,15735820
WBGene00006085,str-18,V,15740517,15741951
WBGene00006086,str-19,V,15742776,15744478
WBGene00011943,T23D5.8,V,15747480,15748443
WBGene00006074,str-6,V,15748997,15750230
WBGene00006108,str-43,V,15750932,15752149
WBGene00006073,str-5,V,15753241,15754432
WBGene00006076,str-8,V,15755031,15756394
WBGene00006077,str-9,V,15758749,15760417
WBGene00005105,srd-27,V,15803383,15804451
WBGene00012054,srsx-38,V,15805910,15807520
WBGene00012055,srsx-36,V,15808119,15810036
WBGene00010020,srbc-48,V,15820283,15821383
WBGene00010021,srbc-49,V,15821698,15822884
WBGene00010022,srbc-50,V,15823898,15824966
WBGene00010023,srbc-51,V,15826410,15827429
WBGene00044105,srbc-55,V,15829022,15830007
WBGene00010026,srbc-56,V,15830586,15831686
WBGene00010025,srbc-54,V,15832436,15833722
WBGene00005365,srh-149,V,15839967,15841195
WBGene00005363,srh-147,V,15848088,15850573
WBGene00005364,srh-148,V,15856828,15858403
WBGene00010688,srz-12,V,15861452,15862699
WBGene00005503,srh-299,V,15863342,15864458
WBGene00005497,srh-293,V,15866139,15867333
WBGene00006122,str-57,V,15871170,15872351
WBGene00006121,str-56,V,15872573,15873770
WBGene00011518,T06C12.11,V,15892996,15894160
WBGene00006124,str-60,V,15897996,15899415
WBGene00011506,srbc-77,V,15930182,15931084
WBGene00005773,srw-26,V,15931292,15932490
WBGene00005802,srw-55,V,15938776,15940354
WBGene00005800,srw-53,V,15943425,15944854
WBGene00005806,srw-59,V,15949716,15951003
WBGene00005803,srw-56,V,15951432,15952862
WBGene00005804,srw-57,V,15953595,15955032
WBGene00005401,srh-186,V,15955797,15957028
WBGene00005514,sri-2,V,15963849,15965212
WBGene00005513,sri-1,V,15966153,15967642
WBGene00005686,sru-23,V,15970376,15972584
WBGene00005685,sru-22,V,15972963,15974936
WBGene00006262,str-231,V,16006304,16007605
WBGene00006264,str-233,V,16008332,16009664
WBGene00006263,str-232,V,16014509,16015752
WBGene00005934,srx-43,V,16017971,16019862
WBGene00005935,srx-44,V,16020342,16022652
WBGene00006234,str-198,V,16047808,16049147
WBGene00005598,srj-10,V,16072765,16073956
WBGene00005616,srj-29,V,16075659,16077308
WBGene00009046,F22B8.3,V,16090985,16092117
WBGene00006075,str-7,V,16097824,16099541
WBGene00009707,srxa-16,V,16112992,16114337
WBGene00006092,str-25,V,16115681,16116897
WBGene00006158,str-103,V,16117363,16118701
WBGene00006280,str-254,V,16151978,16153475
WBGene00006154,str-97,V,16153855,16155211
WBGene00006155,str-99,V,16157335,16158491
WBGene00006161,str-109,V,16160685,16162224
WBGene00008637,F10A3.12,V,16164019,16165473
WBGene00006160,str-108,V,16166236,16167409
WBGene00006162,str-111,V,16167875,16169126
WBGene00010591,K05D4.9,V,16170242,16171821
WBGene00006159,str-106,V,16180650,16181861
WBGene00010590,srz-13,V,16182410,16183540
WBGene00005482,srh-277,V,16183276,16186920
WBGene00010588,srz-14,V,16183657,16184723
WBGene00005486,srh-281,V,16190785,16192262
WBGene00005484,srh-279,V,16193356,16194581
WBGene00005317,srh-98,V,16235171,16235747
WBGene00005323,srh-104,V,16242818,16244178
WBGene00005315,srh-95,V,16246879,16248542
WBGene00007831,srbc-83,V,16297370,16298278
WBGene00044106,srbc-84,V,16298969,16299862
WBGene00007832,srbc-82,V,16300576,16301531
WBGene00007834,srxa-7,V,16307553,16309688
WBGene00006247,str-214,V,16315304,16317226
WBGene00005395,srh-180,V,16317544,16318816
WBGene00005383,srh-167,V,16333712,16335063
WBGene00005834,srw-87,V,16336626,16338277
WBGene00012349,W08G11.5,V,16344375,16346506
WBGene00005745,srv-34,V,16372417,16374776
WBGene00005577,sri-65,V,16386662,16388368
WBGene00005140,srd-63,V,16392482,16393828
WBGene00008728,sre-36,V,16399688,16401625
WBGene00005361,srh-145,V,16410713,16411843
WBGene00006120,str-55,V,16415694,16417114
WBGene00005795,srw-48,V,16420996,16422774
WBGene00005776,srw-29,V,16423099,16424528
WBGene00006134,str-73,V,16430240,16431861
WBGene00005358,srh-141,V,16443926,16445734
WBGene00006082,str-14,V,16453393,16455165
WBGene00006083,str-15,V,16457269,16458814
WBGene00005359,srh-142,V,16459388,16460965
WBGene00005707,sru-44,V,16466466,16467940
WBGene00005355,srh-138,V,16469367,16471016
WBGene00005782,srw-35,V,16472513,16473470
WBGene00005356,srh-139,V,16483981,16485382
WBGene00005353,srh-136,V,16495957,16497596
WBGene00005654,srr-3,V,16506897,16508705
WBGene00005781,srw-34,V,16520531,16522342
WBGene00012523,srbc-65,V,16550980,16552282
WBGene00005708,sru-45,V,16565939,16567572
WBGene00006196,str-149,V,16573468,16574952
WBGene00006198,str-151,V,16576200,16578126
WBGene00006197,str-150,V,16583273,16585174
WBGene00005820,srw-73,V,16586742,16588528
WBGene00005475,srh-269,V,16590156,16592042
WBGene00045356,T03E6.9,V,16598889,16600723
WBGene00011397,T03E6.8,V,16600567,16603202
WBGene00005801,srw-54,V,16611335,16612703
WBGene00194799,Y70C5A.4,V,16617762,16618080
WBGene00013490,Y70C5A.2,V,16621396,16623211
WBGene00005099,srd-21,V,16629900,16631155
WBGene00005823,srw-76,V,16636883,16638304
WBGene00005824,srw-77,V,16641849,16643658
WBGene00045380,W06G6.15,V,16654542,16657432
WBGene00077464,Y70C5B.2,V,16658230,16660916
WBGene00006125,str-61,V,16669339,16671290
WBGene00008814,srz-1,V,16675853,16677551
WBGene00008815,srz-103,V,16677623,16679337
WBGene00005791,srw-44,V,16680281,16682656
WBGene00005783,srw-36,V,16683186,16684174
WBGene00005790,srw-43,V,16686025,16687083
WBGene00023505,srz-102,V,16687527,16689866
WBGene00005789,srw-42,V,16692125,16693832
WBGene00008818,srz-101,V,16694838,16696592
WBGene00005788,srw-41,V,16697478,16699773
WBGene00005354,srh-137,V,16715480,16716718
WBGene00012028,srz-99,V,16730261,16731464
WBGene00012026,srz-100,V,16731900,16733147
WBGene00005426,srh-216,V,16825290,16827592
WBGene00005424,srh-214,V,16828235,16829755
WBGene00005425,srh-215,V,16830557,16832021
WBGene00005770,srw-23,V,16873942,16875455
WBGene00005145,srd-68,V,16901215,16902826
WBGene00077493,F09C6.16,V,16907969,16909971
WBGene00005416,srh-206,V,16953754,16954866
WBGene00005338,srh-119,V,16972434,16974088
WBGene00005945,srx-54,V,16975219,16976717
WBGene00013626,srz-54,V,16980668,16981880
WBGene00013629,srz-95,V,16992034,16993910
WBGene00006249,str-217,V,16998933,17000304
WBGene00005521,sri-9,V,17001467,17003587
WBGene00005348,srh-131,V,17005489,17006753
WBGene00005581,sri-69,V,17007232,17008402
WBGene00005316,srh-97,V,17017087,17019800
WBGene00009912,srz-94,V,17032812,17035950
WBGene00005578,sri-66,V,17060287,17061675
WBGene00005461,srh-255,V,17064976,17066471
WBGene00011485,srbc-14,V,17070527,17071678
WBGene00006176,str-125,V,17074290,17076000
WBGene00005767,srw-20,V,17078257,17079895
WBGene00005444,srh-237,V,17090382,17091704
WBGene00013938,ZK218.4,V,17098854,17100405
WBGene00005321,srh-102,V,17162900,17165509
WBGene00009569,srz-66,V,17166028,17167557
WBGene00005798,srw-51,V,17169442,17170922
WBGene00009568,srbc-26,V,17171851,17173313
WBGene00009567,srbc-25,V,17174038,17175530
WBGene00009566,srsx-1,V,17176716,17178067
WBGene00005390,srh-174,V,17178757,17180002
WBGene00005375,srh-159,V,17182345,17183624
WBGene00006235,str-199,V,17189186,17190499
WBGene00013466,srz-47,V,17190831,17192339
WBGene00013468,srz-96,V,17199226,17201757
WBGene00005443,srh-236,V,17210716,17212039
WBGene00005332,srh-113,V,17213043,17214212
WBGene00011840,srbc-62,V,17217990,17219004
WBGene00005328,srh-109,V,17219253,17220445
WBGene00005458,srh-252,V,17222386,17223405
WBGene00005331,srh-112,V,17225086,17226219
WBGene00219383,Y61B8A.6,V,17251911,17252309
WBGene00005335,srh-116,V,17252931,17255128
WBGene00005334,srh-115,V,17255754,17257194
WBGene00005582,sri-70,V,17303054,17304438
WBGene00009298,srz-58,V,17318147,17319515
WBGene00005201,srg-44,V,17328797,17330610
WBGene00005339,srh-120,V,17395674,17398034
WBGene00005349,srh-132,V,17410255,17411705
WBGene00012083,T27C5.10,V,17429701,17430166
WBGene00044100,srbc-27,V,17431203,17432501
WBGene00008982,srsx-2,V,17436985,17438417
WBGene00005370,srh-154,V,17440427,17441890
WBGene00005414,srh-203,V,17454495,17456297
WBGene00006236,str-200,V,17456619,17458169
WBGene00008981,srz-48,V,17458533,17460161
WBGene00005819,srw-72,V,17467051,17468561
WBGene00005442,srh-235,V,17470223,17471664
WBGene00005341,srh-123,V,17473999,17475471
WBGene00008574,srbc-61,V,17476790,17478083
WBGene00005330,srh-111,V,17484045,17485178
WBGene00005337,srh-118,V,17494306,17496171
WBGene00005778,srw-31,V,17506589,17508506
WBGene00005779,srw-32,V,17508793,17510214
WBGene00007678,srz-90,V,17528029,17529910
WBGene00014679,srz-25,V,17540595,17542272
WBGene00012406,srz-91,V,17608097,17609597
WBGene00006148,str-89,V,17668882,17671330
WBGene00006151,str-93,V,17671700,17673443
WBGene00006150,str-92,V,17674946,17676653
WBGene00005255,srh-32,V,17701212,17703285
WBGene00005254,srh-31,V,17707184,17709823
WBGene00006137,str-77,V,17718947,17721293
WBGene00005488,srh-283,V,17765348,17766807
WBGene00005489,srh-284,V,17767549,17769621
WBGene00008126,sre-21,V,17769653,17773208
WBGene00008128,srab-12,V,17780271,17783642
WBGene00005494,srh-290,V,17790491,17792470
WBGene00005493,srh-289,V,17792679,17794086
WBGene00005492,srh-288,V,17794909,17795755
WBGene00005909,srx-18,V,17796200,17798889
WBGene00005491,srh-287,V,17800838,17801906
WBGene00005496,srh-292,V,17802769,17803923
WBGene00005495,srh-291,V,17805623,17808611
WBGene00005500,srh-296,V,17810353,17812794
WBGene00005502,srh-298,V,17818867,17821003
WBGene00005504,srh-300,V,17822105,17823889
WBGene00005505,srh-301,V,17824910,17828850
WBGene00005508,srh-304,V,17828610,17829983
WBGene00005507,srh-303,V,17831650,17833418
WBGene00005490,srh-286,V,17841483,17844206
WBGene00007395,dcar-1,V,17910304,17917242
WBGene00005350,srh-133,V,18012413,18014216
WBGene00005351,srh-134,V,18014641,18017326
WBGene00011211,R10E8.5,V,18254783,18257067
WBGene00012575,Y37H2C.4,V,18270703,18272256
WBGene00005419,srh-209,V,18403722,18404867
WBGene00005417,srh-207,V,18409043,18410242
WBGene00005614,srj-26,V,18421097,18423477
WBGene00005830,srw-83,V,18426580,18430537
WBGene00005829,srw-82,V,18431750,18434205
WBGene00005397,srh-182,V,18471985,18473530
WBGene00005396,srh-181,V,18474523,18476268
WBGene00005394,srh-179,V,18476390,18478061
WBGene00005393,srh-178,V,18478417,18480331
WBGene00005191,srg-34,V,18562179,18564886
WBGene00005522,sri-10,V,18802995,18806509
WBGene00005653,srr-2,V,19213668,19217176
WBGene00006140,str-81,V,19225543,19251083
WBGene00005418,srh-208,V,19317362,19318500
WBGene00005831,srw-84,V,19381268,19384760
WBGene00045413,C25F9.13,V,19397828,19398982
WBGene00005832,srw-85,V,19429389,19431254
WBGene00005714,srv-3,V,19706285,19708949
WBGene00010929,srt-45,V,19784129,19785961
WBGene00005785,srw-38,V,19836442,19839342
WBGene00005388,srh-172,V,19959044,19960916
WBGene00005387,srh-171,V,19965700,19972559
WBGene00005389,srh-173,V,19973284,19975144
WBGene00005398,srh-183,V,19975610,19978320
WBGene00005579,sri-67,V,19987984,19990504
WBGene00005440,srh-233,V,20049382,20052565
WBGene00005786,srw-39,V,20169480,20172041
WBGene00008947,srz-16,V,20183843,20186679
WBGene00005427,srh-217,V,20193384,20195336
WBGene00013760,srbc-34,V,20206318,20207907
WBGene00005392,srh-177,V,20367480,20369253
WBGene00005147,srd-70,V,20454111,20456487
WBGene00007127,srbc-78,V,20487645,20489202
WBGene00007123,srbc-79,V,20490771,20492485
WBGene00005382,srh-166,V,20524700,20525866
WBGene00009763,srz-18,V,20626711,20628206
WBGene00012846,srxa-14,V,20639594,20641049
WBGene00012847,srxa-15,V,20642289,20644356
WBGene00009999,srsx-35,V,20681420,20683014
WBGene00012318,srxa-1,V,20732087,20733206
WBGene00012321,srxa-6,V,20734983,20736149
WBGene00015364,npr-19,X,731160,735672
WBGene00017779,gtr-1,X,802778,804269
WBGene00016110,npr-11,X,1251824,1255647
WBGene00016872,dop-4,X,1295254,1298829
WBGene00005244,srh-19,X,1413144,1416545
WBGene00006139,str-79,X,1969875,1972657
WBGene00014998,AH9.1,X,2243602,2247008
WBGene00004780,ser-7,X,2673572,2682384
WBGene00021528,gbb-1,X,2957934,2968194
WBGene00022824,ZK813.5,X,3448731,3451222
WBGene00006864,npr-16,X,3518794,3531885
WBGene00005716,srv-5,X,4252347,4254174
WBGene00005717,srv-6,X,4257061,4259321
WBGene00016037,dop-6,X,4320863,4327331
WBGene00044004,C24A8.6,X,4329903,4336050
WBGene00001052,dop-1,X,4411301,4418241
WBGene00017176,nmur-3,X,4466518,4469013
WBGene00003807,npr-1,X,4767152,4769985
WBGene00006475,tyra-3,X,4948049,4955358
WBGene00005711,sru-48,X,5180174,5181495
WBGene00006411,octr-1,X,5609110,5611255
WBGene00005718,srv-7,X,5642856,5647939
WBGene00016570,gnrr-4,X,5738761,5743307
WBGene00001175,egl-6,X,5931122,5934532
WBGene00015799,C15H9.3,X,6115804,6118051
WBGene00001803,lite-1,X,6226126,6230769
WBGene00020420,T10E10.3,X,6311715,6314205
WBGene00001517,gar-1,X,6479445,6484880
WBGene00020506,dop-3,X,6564175,6569610
WBGene00016090,aexr-2,X,6627963,6631537
WBGene00016089,aexr-1,X,6631927,6635273
WBGene00003856,odr-10,X,6864313,6865939
WBGene00017157,tyra-2,X,6996856,7005575
WBGene00016984,npr-8,X,7377293,7388404
WBGene00015921,C17H11.1,X,8173910,8180900
WBGene00005237,srh-11,X,8317637,8319050
WBGene00018886,npr-28,X,8348534,8351084
WBGene00044780,F18E9.8,X,8577352,8581545
WBGene00018728,frpr-8,X,8697817,8702822
WBGene00022811,ZK721.4,X,8778858,8784441
WBGene00016748,aexr-3,X,8957530,8961170
WBGene00016747,nmur-1,X,8980976,8985063
WBGene00015263,B0563.6,X,9137927,9145595
WBGene00018067,npr-7,X,9315436,9319180
WBGene00000085,aex-2,X,9650998,9653126
WBGene00008065,npr-18,X,9690745,9696718
WBGene00003232,mgl-1,X,9968517,9976306
WBGene00013871,gnrr-3,X,10049460,10052481
WBGene00006135,str-74,X,10239805,10241039
WBGene00009619,npr-6,X,10282819,10285734
WBGene00001804,gur-3,X,10402526,10406303
WBGene00007483,C09F12.3,X,11040730,11042877
WBGene00008736,gnrr-6,X,11178899,11181263
WBGene00008737,gnrr-7,X,11185798,11187636
WBGene00013974,npr-9,X,11329724,11332169
WBGene00013389,Y62H9A.1,X,11875654,11877242
WBGene00013398,Y62H9A.10,X,11901034,11902761
WBGene00005118,srd-40,X,12323739,12325432
WBGene00005119,srd-41,X,12326724,12328365
WBGene00005123,srd-45,X,12328976,12330526
WBGene00005124,srd-46,X,12332095,12333302
WBGene00005125,srd-47,X,12333642,12335290
WBGene00005126,srd-48,X,12336108,12337752
WBGene00005122,srd-44,X,12338440,12340248
WBGene00007635,npr-4,X,12536978,12551684
WBGene00006175,str-124,X,12787924,12789256
WBGene00006174,str-123,X,12790336,12791751
WBGene00007346,frpr-2,X,12965485,12968731
WBGene00008278,npr-10,X,13018393,13032710
WBGene00006078,str-10,X,13082626,13084235
WBGene00005116,srd-38,X,13291806,13292984
WBGene00005114,srd-36,X,13293415,13294773
WBGene00005117,srd-39,X,13298994,13300523
WBGene00005120,srd-42,X,13301599,13303457
WBGene00005121,srd-43,X,13303905,13305844
WBGene00011013,srxa-8,X,13307152,13308845
WBGene00005128,srd-50,X,13478621,13481804
WBGene00005129,srd-51,X,13482649,13484913
WBGene00077679,K11E4.6,X,13724664,13726003
WBGene00005063,sra-37,X,13890809,13893356
WBGene00005064,sra-38,X,13897934,13901544
WBGene00005065,sra-39,X,13899033,13903428
WBGene00007842,C31E10.1,X,13984410,13985692
WBGene00005193,srg-36,X,14229668,14234466
WBGene00005194,srg-37,X,14233944,14235032
WBGene00007528,C11H1.2,X,14304929,14307780
WBGene00011765,frpr-17,X,14406117,14411258
WBGene00009629,sprr-2,X,14794208,14804359
WBGene00013496,Y70D2A.1,X,14918836,14924164
WBGene00008808,ntr-2,X,14924975,14928954
WBGene00007664,seb-3,X,15026302,15031205
WBGene00004777,ser-2,X,15286535,15302963
WBGene00010986,sprr-1,X,15461843,15470778
WBGene00010329,pcdr-1,X,15666759,15672372
WBGene00005221,srg-64,X,15736844,15740626
WBGene00014070,srxa-9,X,15747005,15752138
WBGene00009278,npr-33,X,15910638,15914159
WBGene00019518,K08B5.1,X,16558434,16562567
WBGene00004776,ser-1,X,16579745,16587624
WBGene00020727,npr-21,X,17155088,17157968
WBGene00017338,F10D7.1,X,17350373,17362993
WBGene00020086,npr-24,X,17483009,17486835
WBGene00018191,frpr-7,X,17567565,17579879
