WBGene00003663,nhr-73
WBGene00003672,nhr-82
WBGene00009608,nhr-265
WBGene00003671,nhr-81
WBGene00008158,nhr-165
WBGene00011651,nhr-217
WBGene00003667,nhr-77
WBGene00008474,nhr-174
WBGene00003679,nhr-89
WBGene00008289,nhr-169
WBGene00003675,nhr-85
WBGene00003662,nhr-72
WBGene00015869,nhr-257
WBGene00016777,nhr-261
WBGene00016772,nhr-166
WBGene00003699,nhr-109
WBGene00020460,nhr-273
WBGene00003615,nhr-16
WBGene00012596,nhr-234
WBGene00003670,nhr-80
WBGene00022097,nhr-242
WBGene00019816,nhr-204
WBGene00003614,nhr-15
WBGene00022640,nhr-254
WBGene00022639,nhr-253
WBGene00022637,nhr-252
WBGene00003713,nhr-123
WBGene00003688,nhr-98
WBGene00019743,nhr-203
WBGene00019742,nhr-202
WBGene00019741,nhr-201
WBGene00003689,nhr-99
WBGene00003645,nhr-55
WBGene00003720,nhr-130
WBGene00020153,nhr-212
WBGene00020152,nhr-211
WBGene00003696,nhr-106
WBGene00003721,nhr-131
WBGene00020015,nhr-210
WBGene00003648,nhr-58
WBGene00003722,nhr-132
WBGene00015758,nhr-155
WBGene00022756,nhr-251
WBGene00003680,nhr-90
WBGene00018622,nhr-190
WBGene00017961,nhr-180
WBGene00020062,nhr-270
WBGene00016517,nhr-260
WBGene00003700,nhr-110
WBGene00021610,nhr-237
WBGene00021611,nhr-238
WBGene00003617,nhr-18
WBGene00003716,nhr-126
WBGene00003724,nhr-134
WBGene00003686,nhr-96
WBGene00018265,nhr-182
WBGene00018266,nhr-183
WBGene00021163,nhr-275
WBGene00003649,nhr-59
WBGene00020852,nhr-228
WBGene00020851,nhr-227
WBGene00020849,nhr-225
WBGene00003705,nhr-115
WBGene00020850,nhr-226
WBGene00016233,nhr-290
WBGene00020748,nhr-221
WBGene00003683,nhr-93
WBGene00020750,nhr-222
WBGene00018539,nhr-185
WBGene00018541,nhr-186
WBGene00018544,nhr-188
WBGene00018545,nhr-189
WBGene00018542,nhr-187
WBGene00015900,nhr-157
WBGene00015901,nhr-158
WBGene00015902,nhr-159
WBGene00003714,nhr-124
WBGene00015897,nhr-156
WBGene00018189,nhr-181
WBGene00003647,nhr-57
WBGene00003704,nhr-114
WBGene00003715,nhr-125
WBGene00003708,nhr-118
WBGene00015396,nhr-148
WBGene00015395,nhr-147
WBGene00015397,nhr-149
WBGene00017787,nhr-141
WBGene00016927,nhr-172
WBGene00016926,nhr-171
WBGene00003634,nhr-44
WBGene00020555,nhr-219
WBGene00019115,nhr-195
WBGene00019116,nhr-143
WBGene00008630,nhr-175
WBGene00001062,dpr-1
WBGene00008056,nhr-164
WBGene00045515,nhr-291
WBGene00014193,nhr-247
WBGene00011150,nhr-269
WBGene00007367,nhr-150
WBGene00003641,nhr-51
WBGene00003642,nhr-52
WBGene00010600,nhr-196
WBGene00010602,nhr-197
WBGene00010601,nhr-268
WBGene00010603,nhr-198
WBGene00010604,nhr-199
WBGene00003643,nhr-53
WBGene00003650,nhr-60
WBGene00010186,nhr-283
WBGene00012056,nhr-285
WBGene00012050,nhr-223
WBGene00003692,nhr-102
WBGene00003674,nhr-84
WBGene00011520,nhr-213
WBGene00003698,nhr-108
WBGene00003640,nhr-50
WBGene00003653,nhr-63
WBGene00008830,nhr-176
WBGene00003701,nhr-111
WBGene00011750,nhr-218
WBGene00003717,nhr-127
WBGene00010215,nhr-193
WBGene00003644,nhr-54
WBGene00006471,nhr-233
WBGene00011396,nhr-271
WBGene00003702,nhr-112
WBGene00008619,nhr-262
WBGene00003706,nhr-116
WBGene00013940,nhr-248
WBGene00003660,nhr-70
WBGene00013483,nhr-241
WBGene00012449,nhr-231
WBGene00008309,nhr-170
WBGene00003655,nhr-65
WBGene00012446,nhr-230
WBGene00013584,nhr-243
WBGene00003685,nhr-95
WBGene00012703,nhr-145
WBGene00003669,nhr-79
WBGene00014189,nhr-245
WBGene00003703,nhr-113
WBGene00003676,nhr-86
WBGene00003709,nhr-119
WBGene00022374,nhr-277
WBGene00003707,nhr-117
